;Wijk;Municipality_1;Coding_3;Change_in_layout_WijkenEnBuurten_4;Number_of_Inhabitants_5;Men_6;Women_7;k_0To15Years_8;k_15To25Years_9;k_25To45Year_10;k_45To65Year_11;k_65YearsOrOlder_12;Unmarried_13;Married_14;Divorced_15;Widowed_16;WesternTotal_17;NonWesternTotal_18;Morocco_19;Netherlands_Antilles_And_Aruba_20;Suriname_21;Turkey_22;OtherNonWestern_23;BirthTotal_24;BirthRelative_25;MortalityTotal_26;MortalityRelative_27;HouseholdTotal_28;Single-person_households_29;HouseholdsWithoutChildren_30;HouseholdsWithChildren_31;AverageHousehold_Size_32;Population_Density_33;Housing_stock_34;Average_WOZValueOfProperties_35;PercentageSingle-family_home_36;PercentageMultifamily_home_37;PercentageInhabited_38;PercentageUninhabited_39;Owner-occupied_homes_40;Rental_PropertiesTotal_41;InBezitWoningcorporatie_42;OwnedOtherHosts_43;OwnershipUnknown_44;Year_of_constructionBefore2000_45;Year_of_constructionFrom2000_46;AverageElectricity_ConsumptionTotal_47;Apartment_48;Terraced_house_49;Corner_house_50;Two_Under_One_Roof_House_51;DetachedHouse_52;Rental_house_53;OwnWoning_54;Average_Natural_Gas_ConsumptionTotal_55;Apartment_56;Terraced_house_57;Corner_house_58;Two_Under_One_Roof_House_59;Detached_House_60;Rental_house_61;OwnWoning_62;Percentage_of_HomesWith_District_Heating_63;Education_levelLow_64;Level_of_education_Secondary_65;Education_levelHigh_66;Net_labor_force_participation_67;Percentage_of_Employees_68;Percentage_of_Self-Employed_69;Number_of_Income_Recipients_70;AverageIncomePerIncome_Recipient_71;AverageIncomePerInhabitant_72;k_40LowestIncomePeople_73;k_20PersonsWithHighestIncome_74;AvgStandardizedIncomeOfHouseh_75;k_40Lowest_Income_Households_76;k_20HouseholdsWithHighestIncome_77;Low-Income_Households_78;HouseholdUnderOrAroundSocialMinimum_79;HouseholdsTo110OfSocialMinimum_80;HouseholdsUp_To_120OfSocialMinimum_81;MedianWealthOfPrivateHouseh_82;PersonsByTypeBenefitAssistance_83;PersonsByTypeBenefitAO_84;PersonsPerTypeBenefitWW_85;PersonsPerTypeBenefitAOW_86;Young_PeopleWith_Youth_Care_In_Kind_87;Percentage_of_Young_PeopleWith_Youth_Care_88;WmoClients_89;WmoClientenRelatief_90;Company_LocationsTotal_91;AAgricultureForestryAndFisheries_92;BFIndustryEnEnergy_93;GIHandelEnHoreca_94;HJTransportInformationAndCommunication_95;KLFinancialServicesReal_Estate_96;MNBusiness_Services_97;OQGovernmentEducationAndCare_98;RUCultureRecreationOtherServices_99;Passenger_carSTotal_100;Passenger_carFuelPetrol_101;Passenger_carOtherFuel_102;Passenger_carSPerHousehold_103;Passenger_carSNaarSurface_104;Motorcycles_105;DistanceToGeneral_Practitioner_106;DistanceToGroteSupermarkt_107;DistanceToKinderdagverblijf_108;DistanceToSchool_109;SchoolsWithin_3Km_110;AreaTotal_111;AreaLand_112;SurfaceWater_113;Most_Common_Postal_Code_114;Coverage_percentage_115;DegreeOfUrbanality_116;Environment_Address_Density_117;CBS_Wijkcode;Gebied;Stadsdeel;Oppervlakte_m2;LNG;LAT
0;Burgwallen-Oude Zijde;Amsterdam;WK036300  ;1;4520;2485;2040;205;780;2140;945;445;3510;640;305;60;1525;815;35;45;100;50;585;35;8;20;5;3180;2155;780;245;1.4;12914.0;2974;470.0;5.0;95.0;81.0;19.0;18.0;81.0;15.0;66.0;1.0;95.0;5.0;2040.0;1980.0;3150.0;3610.0;;;1950.0;2440.0;1130.0;1090.0;1910.0;2580.0;;;1080.0;1350.0;;310.0;1160.0;2680.0;73.0;72.0;28.0;3900;39.9;36.3;41.0;24.3;31.3;59.2;12.3;13.0;12.5;15.5;17.4;3.7;90.0;60.0;60.0;400.0;;;130.0;29.0;2300;0.0;65.0;705.0;180.0;165.0;465.0;140.0;575.0;680;525;155;0.2;1949.0;120;0.3;0.2;0.4;0.5;31.3;40;35;6;         .;;1.0;7689.0;BU0363AE;Centrum-West;Centrum;403162.0;4.897634;52.372295
1;Burgwallen-Nieuwe Zijde;Amsterdam;WK036301  ;1;4025;2230;1800;160;625;2110;805;320;3165;590;230;40;1490;735;35;25;75;50;555;30;8;5;2;2880;1950;745;180;1.4;7060.0;2972;483.0;5.0;95.0;79.0;21.0;21.0;78.0;9.0;69.0;1.0;97.0;3.0;2080.0;2040.0;2930.0;2660.0;;;1990.0;2410.0;1080.0;1040.0;1800.0;2390.0;;;1050.0;1180.0;;390.0;1020.0;2480.0;75.0;75.0;25.0;3500;44.7;40.7;35.2;28.3;35.0;53.9;14.2;11.2;10.3;13.1;15.1;7.0;60.0;60.0;60.0;290.0;;;70.0;17.0;2495;0.0;65.0;1050.0;200.0;170.0;490.0;130.0;385.0;750;545;205;0.3;1313.0;90;0.4;0.3;0.6;0.8;31.6;73;57;16;         .;;1.0;9291.0;BU0363AD;Centrum-West;Centrum;725676.0;4.897119;52.3749355
2;Grachtengordel-West;Amsterdam;WK036302  ;1;6365;3330;3030;455;855;2250;1710;1095;4120;1690;405;145;2220;715;15;45;55;65;540;55;9;30;4;4095;2520;1085;490;1.6;14147.0;4317;815.0;8.0;92.0;77.0;23.0;43.0;56.0;11.0;46.0;1.0;99.0;1.0;2490.0;2370.0;3790.0;4130.0;;;2180.0;2890.0;1380.0;1300.0;2230.0;2480.0;;;1230.0;1580.0;;1290.0;910.0;3380.0;68.0;65.0;35.0;5100;72.7;62.3;30.3;41.2;61.5;38.1;30.6;8.2;7.6;8.7;9.9;102.6;30.0;80.0;50.0;990.0;;;150.0;24.0;3615;5.0;120.0;645.0;430.0;465.0;1220.0;290.0;445.0;2045;1520;525;0.5;4569.0;155;0.2;0.3;0.3;0.4;35.8;57;45;12;         .;;1.0;10691.0;BU0363AC;Centrum-West;Centrum;566891.0;4.888214;52.3733495
3;Grachtengordel-Zuid;Amsterdam;WK036303  ;1;5380;2920;2465;420;725;2075;1365;795;3565;1350;325;140;1860;690;35;40;55;60;505;40;7;20;4;3360;2015;895;450;1.6;10350.0;3502;827.0;13.0;87.0;77.0;23.0;38.0;61.0;4.0;57.0;1.0;98.0;2.0;2540.0;2320.0;3950.0;4610.0;;;2230.0;3010.0;1360.0;1220.0;2300.0;2590.0;;;1250.0;1550.0;;350.0;1010.0;3420.0;72.0;70.0;30.0;4400;92.2;77.9;28.9;39.6;73.1;39.0;28.4;8.0;7.1;8.3;9.6;58.2;40.0;60.0;50.0;730.0;;;130.0;24.0;3295;0.0;85.0;805.0;340.0;470.0;995.0;240.0;360.0;1610;1205;400;0.5;3097.0;185;0.4;0.3;0.3;0.5;41.5;64;52;12;         .;;1.0;9298.0;BU0363AG;Centrum-Oost;Centrum;639377.0;4.892784;52.365052
4;Nieuwmarkt/Lastage;Amsterdam;WK036304  ;1;9630;5000;4625;740;1130;3220;2680;1855;6315;2155;905;250;2750;1525;100;70;265;95;990;70;7;85;9;6280;3970;1460;850;1.5;13561.0;6240;519.0;3.0;97.0;89.0;11.0;29.0;70.0;39.0;31.0;1.0;91.0;9.0;2060.0;2020.0;3290.0;2870.0;;;1860.0;2520.0;960.0;930.0;1910.0;1620.0;;;920.0;1070.0;7.0;810.0;1920.0;5600.0;68.0;71.0;29.0;8100;48.7;42.7;36.8;30.6;38.4;51.4;19.0;11.0;12.6;16.3;18.6;25.3;230.0;270.0;120.0;1710.0;;;600.0;62.0;2805;0.0;105.0;455.0;300.0;220.0;830.0;295.0;600.0;2535;2045;485;0.4;3563.0;245;0.4;0.3;0.3;0.4;30.3;107;71;36;         .;;1.0;7048.0;BU0363AF;Centrum-Oost;Centrum;1062755.0;4.904438;52.37291
5;Haarlemmerbuurt;Amsterdam;WK036305  ;1;9175;4615;4555;885;805;3060;2720;1695;5850;2220;845;255;2380;1690;215;75;345;90;970;80;9;70;7;5645;3375;1330;940;1.6;16678.0;5655;536.0;2.0;98.0;90.0;10.0;29.0;70.0;42.0;28.0;0.0;77.0;23.0;2150.0;2110.0;3610.0;4560.0;3340.0;3880.0;1900.0;2720.0;1030.0;1000.0;1840.0;2620.0;2470.0;2640.0;1010.0;1070.0;4.3;1240.0;1600.0;4880.0;69.0;69.0;31.0;7600;47.2;40.5;36.0;30.0;38.0;49.4;20.2;11.3;11.9;16.1;18.8;29.9;300.0;310.0;120.0;1560.0;;;630.0;69.0;2740;0.0;115.0;450.0;285.0;190.0;845.0;310.0;545.0;5110;1630;3480;0.9;9338.0;240;0.3;0.4;0.3;0.5;21.6;81;55;27;         .;;1.0;8105.0;BU0363AA;Centrum-West;Centrum;811434.0;4.89022;52.383729
6;Jordaan;Amsterdam;WK036306  ;1;19405;9835;9565;1485;1975;7260;5365;3320;13350;3850;1710;490;5480;2975;360;175;455;265;1730;175;9;140;7;12935;8480;2815;1640;1.5;23380.0;13217;483.0;4.0;96.0;89.0;11.0;26.0;73.0;32.0;42.0;1.0;96.0;4.0;1870.0;1810.0;3420.0;3150.0;;;1690.0;2410.0;980.0;940.0;1940.0;2070.0;;;910.0;1190.0;;1800.0;4460.0;10470.0;70.0;71.0;29.0;16700;46.2;40.9;37.4;28.1;36.8;54.0;16.7;12.3;13.3;17.2;20.2;19.0;660.0;660.0;280.0;3060.0;;;1265.0;65.0;5195;0.0;255.0;860.0;490.0;340.0;1575.0;610.0;1060.0;3840;3155;685;0.3;4598.0;520;0.3;0.3;0.2;0.4;36.2;95;83;11;         .;;1.0;11378.0;BU0363AB;Centrum-West;Centrum;942953.0;4.8814385;52.3745525
7;De Weteringschans;Amsterdam;WK036307  ;1;7330;3775;3555;645;890;3085;1730;975;5080;1665;445;140;2375;1030;45;65;90;90;735;75;10;30;5;4600;2775;1200;625;1.6;13088.0;4665;617.0;7.0;93.0;84.0;16.0;37.0;62.0;11.0;51.0;0.0;95.0;5.0;2270.0;2150.0;3850.0;4540.0;;;1960.0;2770.0;1170.0;1090.0;2200.0;2520.0;;;1050.0;1360.0;;780.0;1550.0;4060.0;73.0;73.0;27.0;6100;58.0;49.6;30.1;38.3;45.1;41.9;25.2;8.5;8.4;10.6;12.1;42.4;110.0;110.0;70.0;880.0;;;245.0;33.0;2740;0.0;95.0;530.0;260.0;300.0;875.0;285.0;400.0;1690;1350;340;0.4;3037.0;200;0.3;0.3;0.3;0.4;43.7;65;56;9;         .;;1.0;9591.0;BU0363AH;Centrum-Oost;Centrum;645259.0;4.891926;52.362056
8;Weesperbuurt/Plantage;Amsterdam;WK036308  ;1;7545;3890;3650;635;1040;2775;1895;1195;5230;1575;555;185;2115;1225;105;70;250;85;715;75;10;70;9;4585;2900;1085;610;1.5;9671.0;4306;559.0;2.0;98.0;88.0;12.0;35.0;65.0;29.0;36.0;0.0;95.0;5.0;2110.0;2050.0;4610.0;3960.0;;4610.0;1840.0;2610.0;1070.0;1040.0;2280.0;2510.0;;2270.0;970.0;1260.0;;640.0;1490.0;4050.0;69.0;72.0;28.0;5900;53.1;46.1;34.2;34.0;48.8;47.4;22.1;9.3;9.1;12.7;14.7;33.6;130.0;160.0;80.0;1100.0;;;445.0;59.0;2210;0.0;75.0;215.0;260.0;200.0;735.0;315.0;400.0;1960;1400;560;0.4;2522.0;150;0.4;0.3;0.3;0.4;36.5;92;78;14;         .;;1.0;7816.0;BU0363AJ;Centrum-Oost;Centrum;916332.0;4.911765;52.364456
9;Oostelijke Eilanden/Kadijken;Amsterdam;WK036309  ;1;13715;6965;6745;1395;1570;4570;3960;2220;9110;3000;1305;305;2780;3685;695;160;905;270;1660;130;10;110;8;8065;4860;1675;1525;1.6;13852.0;7251;448.0;2.0;98.0;96.0;4.0;30.0;70.0;48.0;21.0;0.0;84.0;16.0;1960.0;1940.0;3060.0;3530.0;2820.0;;1780.0;2370.0;870.0;860.0;1230.0;2030.0;1770.0;;850.0;910.0;;2280.0;3030.0;6380.0;67.0;76.0;24.0;11200;41.3;35.6;40.0;25.3;33.1;53.6;16.4;12.5;13.2;17.5;20.8;16.4;600.0;650.0;170.0;2060.0;;;1010.0;74.0;2940;0.0;140.0;305.0;395.0;150.0;910.0;440.0;590.0;3090;2485;610;0.4;3133.0;400;0.6;0.4;0.4;0.5;26.1;130;99;32;         .;;1.0;6393.0;BU0363AK;Centrum-Oost;Centrum;1299042.0;4.921829;52.370721
10;Westelijk Havengebied;Amsterdam;WK036310  ;1;145;85;60;5;55;55;15;15;110;30;5;5;45;35;5;5;5;0;20;0;7;0;0;120;100;5;10;1.3;7.0;30;;77.0;23.0;53.0;47.0;23.0;77.0;0.0;77.0;0.0;83.0;17.0;3270.0;;2740.0;3270.0;;3640.0;3340.0;3130.0;1520.0;;1310.0;1500.0;;1790.0;1530.0;1520.0;;10.0;470.0;130.0;39.0;;;100;;;48.7;15.9;;;;;;;;;0.0;0.0;0.0;10.0;;;;;1735;0.0;260.0;425.0;370.0;145.0;390.0;55.0;90.0;2110;1285;825;;;50;2.0;1.6;1.8;1.9;5.7;2899;2010;889;         .;;4.0;778.0;;;;;;
11;Bedrijventerrein Sloterdijk;Amsterdam;WK036311  ;1;860;530;325;10;305;475;60;10;780;55;20;0;285;350;40;20;45;25;220;5;4;0;0;745;645;85;10;1.2;119.0;645;148.0;1.0;99.0;80.0;20.0;0.0;100.0;0.0;100.0;0.0;29.0;71.0;1190.0;1170.0;;;;;1190.0;;60.0;50.0;;;;;60.0;;82.3;170.0;510.0;250.0;60.0;84.0;16.0;700;;;51.9;9.4;;83.8;2.2;20.4;15.2;21.7;24.9;0.0;60.0;30.0;10.0;10.0;;;20.0;23.0;1870;0.0;235.0;500.0;295.0;205.0;440.0;110.0;90.0;2395;1335;1060;;;80;2.1;1.2;1.7;1.8;15.9;770;720;50;         .;;3.0;1463.0;;;;;;
12;Houthavens;Amsterdam;WK036312  ;1;3685;1910;1775;735;185;1435;965;360;2290;1130;205;65;820;500;55;25;80;45;290;105;28;20;6;1765;710;510;545;2.1;11176.0;1770;669.0;7.0;93.0;89.0;11.0;57.0;43.0;12.0;31.0;0.0;11.0;89.0;2480.0;2420.0;3330.0;;;;2160.0;2720.0;0.0;;0.0;;;;;;98.3;240.0;670.0;2420.0;80.0;71.0;29.0;2800;75.8;57.8;18.8;54.6;;23.2;46.1;5.4;4.7;5.5;6.8;304.8;40.0;70.0;60.0;380.0;;;115.0;31.0;800;0.0;25.0;55.0;90.0;90.0;335.0;105.0;100.0;1420;870;550;0.8;4329.0;120;0.4;0.8;0.4;0.4;10.8;92;33;59;         .;;1.0;3475.0;BU0363EC;Westerpark;West;916166.0;4.8803175;52.3937845
13;Spaarndammerbuurt/Zeeheldenbuurt;Amsterdam;WK036313  ;1;10655;5280;5375;1355;870;4130;2880;1415;7275;2035;1075;270;2080;3480;865;145;815;250;1400;135;12;105;10;6210;3680;1245;1285;1.7;7777.0;6108;382.0;0.0;100.0;95.0;5.0;22.0;78.0;57.0;20.0;0.0;96.0;4.0;1730.0;1730.0;2120.0;;;;1670.0;1940.0;910.0;910.0;1070.0;;;;930.0;850.0;;2380.0;2560.0;3960.0;68.0;79.0;21.0;8700;36.5;30.9;41.4;21.8;30.1;56.8;12.7;16.0;16.4;21.1;24.8;6.8;770.0;510.0;160.0;1280.0;;;1005.0;94.0;2035;0.0;120.0;220.0;255.0;65.0;600.0;300.0;475.0;2175;1790;385;0.4;1592.0;245;0.5;0.4;0.3;0.4;14.6;141;137;4;         .;;1.0;5546.0;BU0363EB;Westerpark;West;1407039.0;4.8744225;52.3904275
14;Staatsliedenbuurt;Amsterdam;WK036314  ;1;12910;6425;6480;1385;1160;5425;3560;1375;9220;2440;1045;205;3230;3385;875;125;560;275;1550;160;13;70;5;7885;4665;1760;1465;1.6;27464.0;7823;393.0;0.0;100.0;95.0;5.0;29.0;71.0;47.0;24.0;0.0;92.0;8.0;1730.0;1730.0;2670.0;;;;1620.0;2000.0;830.0;830.0;1090.0;;;;830.0;830.0;;1590.0;2630.0;6810.0;71.0;77.0;23.0;11000;42.4;36.6;37.7;28.4;34.1;50.4;16.4;13.5;14.3;18.5;21.7;15.3;730.0;480.0;200.0;1270.0;;;855.0;66.0;2675;0.0;140.0;285.0;310.0;80.0;835.0;415.0;605.0;2575;2160;410;0.3;5438.0;345;0.2;0.4;0.2;0.3;29.3;53;47;6;         .;;1.0;9142.0;BU0363EH;Westerpark;West;528820.0;4.875206;52.3808105
15;Centrale Markt;Amsterdam;WK036315  ;1;2415;1160;1260;285;280;745;785;320;1530;625;200;60;490;640;200;25;95;55;265;30;13;10;5;1270;635;275;360;1.9;4648.0;1246;447.0;0.0;100.0;97.0;3.0;38.0;62.0;45.0;18.0;0.0;88.0;12.0;1970.0;1970.0;;;;;1850.0;2160.0;450.0;450.0;;;;;550.0;300.0;46.7;630.0;410.0;970.0;71.0;81.0;19.0;2000;;;35.7;29.7;;42.0;22.5;10.0;11.1;14.4;17.0;43.9;100.0;80.0;40.0;280.0;;;165.0;68.0;555;0.0;25.0;115.0;80.0;40.0;125.0;85.0;80.0;565;430;130;0.4;1082.0;55;0.7;0.6;0.3;0.6;32.5;57;52;5;         .;;1.0;8925.0;BU0363EG;Westerpark;West;570337.0;4.865674;52.3790425
16;Frederik Hendrikbuurt;Amsterdam;WK036316  ;1;8270;4180;4090;770;710;3740;2045;1000;5965;1500;655;145;2175;1865;485;75;220;175;910;90;11;80;10;5135;3115;1245;775;1.6;22975.0;5125;405.0;0.0;100.0;94.0;6.0;29.0;70.0;37.0;33.0;0.0;94.0;6.0;1740.0;1730.0;3320.0;;;;1570.0;2140.0;870.0;860.0;1450.0;;;;840.0;920.0;;1200.0;1530.0;4390.0;72.0;78.0;22.0;7000;44.8;39.2;34.9;30.4;34.9;50.1;17.6;13.3;13.6;17.8;20.3;15.7;420.0;300.0;110.0;1010.0;;;600.0;73.0;1625;0.0;80.0;180.0;190.0;80.0;505.0;240.0;345.0;1675;1370;305;0.3;4667.0;230;0.3;0.2;0.2;0.4;37.7;42;36;6;         .;;1.0;11742.0;BU0363EJ;Westerpark;West;419607.0;4.873115;52.3767595
17;Da Costabuurt;Amsterdam;WK036317  ;1;4650;2320;2325;435;405;2120;1095;595;3335;900;330;85;1350;745;115;40;125;70;390;70;15;20;4;2890;1675;785;430;1.6;21132.0;2689;491.0;0.0;100.0;91.0;9.0;32.0;68.0;22.0;46.0;1.0;98.0;2.0;1990.0;1990.0;;;;;1820.0;2340.0;950.0;950.0;;;;;930.0;980.0;;300.0;970.0;2780.0;75.0;76.0;24.0;4000;48.7;42.5;31.6;33.7;37.6;46.6;21.6;9.3;9.9;13.2;15.8;27.2;110.0;120.0;50.0;550.0;;;235.0;51.0;1210;0.0;50.0;215.0;120.0;70.0;325.0;155.0;275.0;970;800;170;0.3;4472.0;135;0.2;0.2;0.2;0.3;48.2;26;22;4;         .;;1.0;12081.0;BU0363EQ;Oud-West, De Baarsjes;West;257542.0;4.8721075;52.37013
18;Kinkerbuurt;Amsterdam;WK036318  ;1;6735;3445;3295;720;625;3295;1530;570;5065;1090;505;80;1645;1675;405;80;265;195;720;100;15;25;3;3895;2270;1010;620;1.6;26956.0;3823;428.0;2.0;98.0;92.0;8.0;24.0;76.0;36.0;40.0;0.0;88.0;12.0;1780.0;1760.0;3070.0;2450.0;;;1650.0;2170.0;850.0;840.0;1400.0;1360.0;;;830.0;890.0;;1070.0;1400.0;3270.0;76.0;78.0;22.0;5400;46.5;40.3;33.3;31.4;35.6;49.1;19.8;11.7;12.0;14.9;17.7;11.5;230.0;220.0;80.0;520.0;;;355.0;53.0;1560;0.0;80.0;270.0;150.0;70.0;465.0;195.0;330.0;1190;970;220;0.3;4727.0;165;0.3;0.2;0.2;0.4;47.3;27;25;2;         .;;1.0;12164.0;;;;;;
19;Van Lennepbuurt;Amsterdam;WK036319  ;1;6955;3435;3525;625;655;2900;1740;1040;4850;1285;630;185;1610;2255;610;65;405;255;920;70;10;80;11;4485;2900;910;675;1.5;27824.0;4408;384.0;0.0;100.0;94.0;6.0;24.0;76.0;51.0;25.0;0.0;98.0;2.0;1690.0;1690.0;2470.0;;;;1630.0;1880.0;830.0;820.0;2380.0;;;;840.0;790.0;;1180.0;1330.0;3370.0;66.0;79.0;21.0;6000;39.3;34.5;42.0;24.4;31.4;57.4;13.1;15.9;17.5;22.7;26.5;9.2;470.0;300.0;100.0;950.0;;;690.0;99.0;1350;0.0;70.0;235.0;155.0;55.0;400.0;180.0;255.0;1275;1060;215;0.3;5112.0;135;0.2;0.2;0.2;0.3;49.7;29;25;4;         .;;1.0;11065.0;BU0363ES;Oud-West, De Baarsjes;West;286548.0;4.867487;52.3650265
20;Helmersbuurt;Amsterdam;WK036320  ;1;7455;3670;3790;815;805;3075;1875;885;5345;1510;495;105;2025;1130;130;70;185;80;670;105;14;25;4;4505;2615;1115;785;1.7;21929.0;4367;550.0;1.0;99.0;91.0;9.0;34.0;66.0;27.0;39.0;0.0;96.0;4.0;2110.0;2090.0;4750.0;;;;1810.0;2680.0;1000.0;980.0;2390.0;;;;900.0;1180.0;;690.0;1430.0;4300.0;75.0;74.0;26.0;6300;55.1;46.9;31.7;35.8;40.9;44.5;24.0;10.0;10.1;13.1;15.3;31.5;180.0;180.0;90.0;820.0;;;305.0;41.0;2070;0.0;70.0;240.0;205.0;150.0;630.0;350.0;425.0;1620;1320;295;0.4;4832.0;205;0.3;0.2;0.2;0.5;48.6;35;34;1;         .;;1.0;10425.0;BU0363EU;Oud-West, De Baarsjes;West;347955.0;4.8715505;52.3635335
21;Overtoomse Sluis;Amsterdam;WK036321  ;1;7920;3830;4090;810;755;3880;1715;765;5825;1475;500;120;2380;1165;120;60;155;140;680;105;13;25;3;4800;2765;1245;790;1.6;26403.0;4606;497.0;1.0;99.0;93.0;7.0;33.0;66.0;19.0;48.0;0.0;100.0;0.0;2030.0;2020.0;3380.0;3080.0;;;1850.0;2400.0;960.0;960.0;2160.0;1950.0;;;910.0;1070.0;;580.0;1630.0;4620.0;77.0;77.0;23.0;6600;53.8;46.3;29.3;37.2;41.7;43.7;24.2;9.0;9.0;11.6;13.7;29.3;160.0;270.0;90.0;700.0;;;350.0;44.0;1895;0.0;80.0;235.0;190.0;110.0;645.0;265.0;370.0;1580;1275;305;0.3;5302.0;185;0.5;0.3;0.1;0.3;47.6;31;30;1;         .;;1.0;9399.0;BU0363ET;Oud-West, De Baarsjes;West;307434.0;4.8598315;52.3597385
22;Vondelparkbuurt;Amsterdam;WK036322  ;1;1775;915;855;195;205;550;490;345;1105;450;160;60;545;290;45;20;40;25;155;15;8;10;7;965;535;240;195;1.8;8064.0;946;935.0;10.0;90.0;85.0;15.0;43.0;57.0;16.0;41.0;0.0;100.0;0.0;2760.0;2570.0;4140.0;5130.0;5350.0;5040.0;2320.0;3340.0;1480.0;1370.0;2320.0;2810.0;2580.0;2700.0;1280.0;1740.0;;120.0;230.0;1120.0;68.0;67.0;33.0;1400;;;33.9;36.5;;40.9;30.3;9.8;9.2;11.9;13.5;61.5;20.0;30.0;20.0;250.0;;;55.0;31.0;635;0.0;20.0;105.0;45.0;75.0;220.0;70.0;100.0;500;390;110;0.5;2301.0;60;0.4;0.2;0.2;0.6;49.1;22;22;0;         .;;1.0;9782.0;BU0363EV;Oud-West, De Baarsjes;West;220388.0;4.873396;52.361583
23;Zuidas;Amsterdam;WK036323  ;1;3935;2100;1835;420;630;2190;540;150;2780;985;145;20;1215;1275;70;40;115;120;925;55;13;5;2;2570;1660;550;355;1.5;1854.0;2487;507.0;1.0;99.0;86.0;14.0;17.0;82.0;8.0;75.0;0.0;2.0;98.0;2350.0;2330.0;5220.0;;;;2160.0;3290.0;30.0;10.0;1420.0;;;;20.0;90.0;81.9;350.0;930.0;2270.0;75.0;86.0;14.0;3000;87.4;71.2;26.2;48.8;;41.8;30.6;5.0;3.6;5.3;6.6;9.3;20.0;30.0;40.0;130.0;;;30.0;8.0;2645;0.0;95.0;295.0;245.0;850.0;850.0;160.0;145.0;3240;1365;1875;1.3;1528.0;70;0.9;0.4;0.2;0.7;27.8;217;212;5;         .;;1.0;3603.0;BU0363KP;Buitenveldert, Zuidas;Zuid;2158347.0;4.874758;52.338292
24;Oude Pijp;Amsterdam;WK036324  ;1;14630;7370;7260;1170;1750;7110;3180;1425;11060;2425;965;180;4230;2980;395;155;470;265;1695;155;11;65;5;9655;6125;2330;1205;1.5;23222.0;9456;460.0;1.0;99.0;90.0;10.0;24.0;76.0;26.0;50.0;1.0;98.0;2.0;1880.0;1860.0;3950.0;;;;1730.0;2350.0;870.0;860.0;2170.0;;;;830.0;1000.0;;2490.0;2860.0;7680.0;73.0;78.0;22.0;12600;48.4;42.5;34.1;31.5;36.4;52.0;18.2;11.4;11.5;15.4;17.5;11.9;510.0;440.0;160.0;1290.0;;;600.0;41.0;3755;0.0;150.0;800.0;380.0;225.0;1085.0;410.0;705.0;2685;2225;460;0.3;4227.0;345;0.4;0.3;0.2;0.5;41.7;68;63;5;         .;;1.0;10547.0;BU0363KE;De Pijp, Rivierenbuurt;Zuid;677274.0;4.8962705;52.3562315
25;Nieuwe Pijp;Amsterdam;WK036325  ;1;12375;5955;6425;1080;1230;5900;2695;1470;9020;2175;930;255;3380;2740;550;100;480;270;1340;155;13;85;7;7905;4805;1960;1135;1.6;24267.0;7801;433.0;0.0;100.0;93.0;7.0;25.0;73.0;29.0;44.0;1.0;94.0;6.0;1840.0;1830.0;2540.0;;;;1690.0;2220.0;890.0;890.0;1400.0;;;;870.0;940.0;;1420.0;2450.0;6740.0;73.0;80.0;20.0;10700;47.8;42.1;34.5;31.6;36.3;50.5;18.9;11.4;12.3;16.0;18.9;14.6;450.0;440.0;160.0;1430.0;;;890.0;72.0;2565;0.0;115.0;385.0;275.0;145.0;795.0;405.0;440.0;2715;2190;525;0.3;5289.0;260;0.3;0.2;0.1;0.4;38.5;54;51;3;         .;;1.0;10853.0;BU0363KF;De Pijp, Rivierenbuurt;Zuid;542255.0;4.8973225;52.352091
26;Zuid Pijp;Amsterdam;WK036326  ;1;8080;3850;4235;945;820;2795;2140;1375;5305;1640;910;225;1520;2875;800;90;565;340;1085;85;11;60;7;4740;2710;970;1055;1.7;23083.0;4624;410.0;2.0;98.0;96.0;4.0;14.0;86.0;68.0;18.0;0.0;98.0;2.0;1730.0;1720.0;2560.0;2040.0;;;1670.0;2120.0;1020.0;1020.0;1440.0;1600.0;;;1020.0;1060.0;;1470.0;1990.0;3060.0;62.0;79.0;21.0;6800;33.4;28.5;47.2;18.7;28.8;60.8;11.6;17.8;19.7;26.4;30.4;5.7;590.0;460.0;90.0;1240.0;;;835.0;103.0;1225;0.0;80.0;165.0;145.0;45.0;340.0;205.0;245.0;1610;1320;290;0.3;4565.0;180;0.4;0.3;0.2;0.5;36.1;39;35;4;         .;;1.0;10696.0;BU0363KG;De Pijp, Rivierenbuurt;Zuid;389365.0;4.9028035;52.350678
27;Weesperzijde;Amsterdam;WK036327  ;1;5915;2985;2930;645;880;2685;1165;545;4405;1105;340;75;1675;1185;225;50;175;115;620;75;13;15;3;3670;2220;875;575;1.6;15995.0;3023;507.0;1.0;99.0;93.0;7.0;37.0;63.0;26.0;36.0;0.0;90.0;10.0;2070.0;2040.0;3800.0;4990.0;;;1820.0;2490.0;950.0;940.0;1740.0;1750.0;;;840.0;1120.0;;640.0;950.0;3490.0;72.0;77.0;23.0;4700;54.3;46.0;30.2;38.7;41.6;42.8;26.3;9.0;9.2;12.4;14.1;28.3;120.0;110.0;70.0;500.0;;;195.0;33.0;1275;0.0;25.0;130.0;180.0;90.0;430.0;170.0;255.0;1195;950;245;0.3;3238.0;125;0.5;0.4;0.2;0.4;39.1;45;37;8;         .;;1.0;9577.0;BU0363MB;Oud-Oost;Oost;445120.0;4.9105665;52.354353
28;Oosterparkbuurt;Amsterdam;WK036328  ;1;10625;5265;5360;1200;1040;4480;2585;1325;7325;2150;915;235;2185;3750;1020;105;775;480;1370;125;12;65;6;6315;3705;1410;1200;1.7;14758.0;6213;419.0;1.0;99.0;94.0;6.0;25.0;75.0;55.0;20.0;0.0;93.0;7.0;1810.0;1790.0;3940.0;;2010.0;;1700.0;2130.0;860.0;850.0;2270.0;;630.0;;850.0;910.0;;1720.0;2390.0;4920.0;68.0;80.0;20.0;8900;40.3;34.2;40.8;26.3;32.4;54.8;16.7;15.5;16.3;21.4;24.5;9.5;620.0;470.0;130.0;1230.0;;;840.0;79.0;2030;0.0;80.0;235.0;255.0;75.0;565.0;365.0;450.0;1975;1550;430;0.3;2737.0;205;0.2;0.3;0.2;0.3;37.9;75;72;3;         .;;1.0;8466.0;BU0363MC;Oud-Oost;Oost;750951.0;4.917509;52.3590405
29;Dapperbuurt;Amsterdam;WK036329  ;1;10045;4895;5150;1180;1150;3840;2445;1430;6670;2125;945;305;1795;3760;1075;115;795;590;1180;125;12;95;9;5665;3270;1200;1190;1.7;17025.0;5527;423.0;3.0;97.0;95.0;5.0;25.0;74.0;57.0;18.0;0.0;82.0;18.0;1850.0;1800.0;3390.0;3470.0;;;1730.0;2190.0;850.0;840.0;1130.0;1330.0;;;860.0;850.0;;1810.0;1970.0;4510.0;67.0;81.0;19.0;8100;38.6;32.8;42.7;24.0;32.1;55.2;16.0;14.8;16.1;21.6;24.8;7.1;570.0;480.0;130.0;1330.0;;;965.0;96.0;1730;0.0;70.0;310.0;195.0;60.0;465.0;285.0;350.0;1805;1465;340;0.3;3038.0;155;0.3;0.3;0.3;0.4;29.1;61;59;2;         .;;1.0;8652.0;BU0363ME;Oud-Oost;Oost;611564.0;4.9298725;52.3609545
30;Transvaalbuurt;Amsterdam;WK036330  ;1;9100;4440;4660;1185;1125;3580;2165;1060;6090;1970;805;235;1460;3955;1480;110;700;615;1045;120;13;70;7;4950;2645;1115;1195;1.8;24600.0;4726;408.0;2.0;98.0;95.0;5.0;23.0;77.0;58.0;19.0;0.0;96.0;4.0;1840.0;1820.0;3150.0;3030.0;;;1780.0;2070.0;960.0;940.0;1670.0;2330.0;;;970.0;910.0;;1860.0;2320.0;3370.0;66.0;82.0;18.0;7500;34.7;28.9;44.6;21.5;30.0;54.2;14.8;15.5;16.3;22.0;25.0;5.8;610.0;400.0;130.0;960.0;;;830.0;91.0;1310;0.0;70.0;150.0;180.0;40.0;370.0;215.0;280.0;1690;1360;330;0.3;4577.0;150;0.6;0.3;0.4;0.3;33.9;38;37;1;         .;;1.0;7872.0;BU0363MD;Oud-Oost;Oost;377168.0;4.921397;52.353946
31;Indische Buurt-West;Amsterdam;WK036331  ;1;12515;6215;6300;1540;1580;5410;2720;1265;8640;2615;1015;245;2320;5545;2120;135;915;905;1470;165;13;65;5;7000;3800;1640;1565;1.8;26634.0;6705;379.0;0.0;100.0;94.0;6.0;27.0;73.0;52.0;21.0;0.0;91.0;9.0;1800.0;1790.0;2450.0;;;;1750.0;1910.0;860.0;860.0;1230.0;;;;890.0;790.0;;2760.0;2760.0;4930.0;67.0;81.0;19.0;10400;35.4;29.7;43.8;22.1;30.0;53.1;14.7;15.1;15.8;20.9;24.7;6.1;780.0;560.0;150.0;1160.0;;;965.0;77.0;2090;0.0;100.0;295.0;270.0;65.0;625.0;280.0;450.0;2265;1820;450;0.3;4838.0;245;0.3;0.3;0.2;0.4;26.3;48;47;1;         .;;1.0;8232.0;BU0363MF;Indische Buurt, Oostelijk Havengebied;Oost;479453.0;4.936082;52.362194
32;Indische Buurt-Oost;Amsterdam;WK036332  ;1;9755;4855;4900;1300;1125;3430;2515;1380;6090;2415;935;310;1410;5060;1935;110;770;955;1295;125;13;100;10;5150;2725;1130;1295;1.9;10376.0;4960;384.0;1.0;99.0;96.0;4.0;21.0;78.0;57.0;22.0;0.0;90.0;10.0;1860.0;1850.0;2640.0;;;;1820.0;1990.0;860.0;860.0;1590.0;;;;880.0;790.0;;2230.0;2260.0;3320.0;63.0;82.0;18.0;8000;31.4;26.2;49.5;17.3;28.3;57.3;12.0;16.8;19.2;25.2;29.2;3.9;760.0;460.0;110.0;1250.0;;;1035.0;106.0;1260;0.0;90.0;135.0;185.0;20.0;375.0;220.0;225.0;1920;1515;410;0.4;2046.0;195;0.3;0.4;0.2;0.2;23.2;129;94;36;         .;;1.0;6467.0;BU0363MG;Indische Buurt, Oostelijk Havengebied;Oost;1289663.0;4.9503875;52.363115
33;Oostelijk Havengebied;Amsterdam;WK036333  ;1;18755;9470;9290;2550;1900;5775;6445;2090;11750;5160;1515;325;3800;4165;820;165;960;440;1780;240;13;60;3;9570;4120;2680;2770;2.0;12180.0;9177;522.0;8.0;92.0;96.0;4.0;39.0;60.0;35.0;25.0;0.0;63.0;37.0;2370.0;2300.0;3140.0;3710.0;3380.0;;2200.0;2620.0;440.0;470.0;20.0;410.0;1380.0;;460.0;410.0;49.3;2290.0;3610.0;10200.0;74.0;75.0;25.0;15300;51.1;42.3;30.0;38.7;42.2;31.6;30.8;7.3;7.0;9.2;11.1;82.0;430.0;570.0;250.0;1970.0;;;810.0;43.0;4785;0.0;195.0;420.0;635.0;350.0;1705.0;625.0;855.0;5470;4275;1195;0.6;3542.0;605;0.6;0.8;0.4;0.5;16.2;381;154;227;         .;;1.0;4351.0;BU0363MA;Indische Buurt, Oostelijk Havengebied;Oost;3620165.0;4.9336515;52.3745605
34;Zeeburgereiland/Bovendiep;Amsterdam;WK036334  ;1;4985;2460;2525;715;1130;2240;685;215;3800;890;265;30;1130;1555;215;95;305;140;810;70;15;10;2;2985;1770;660;555;1.7;2010.0;2942;308.0;4.0;96.0;91.0;9.0;20.0;80.0;34.0;46.0;0.0;0.0;100.0;1970.0;1880.0;4000.0;3630.0;4900.0;4350.0;1770.0;2750.0;120.0;110.0;;0.0;1710.0;2020.0;140.0;50.0;79.3;520.0;1570.0;2260.0;70.0;81.0;19.0;3800;39.8;32.4;39.7;29.7;30.0;52.5;16.9;9.8;7.8;12.5;15.4;2.3;140.0;130.0;60.0;210.0;;;140.0;28.0;730;0.0;35.0;75.0;95.0;35.0;220.0;110.0;165.0;1040;815;225;0.3;419.0;110;0.6;0.4;0.5;0.5;7.3;325;248;78;         .;;3.0;1173.0;BU0363MH;IJburg, Zeeburgereiland;Oost;4787204.0;4.982638;52.362094
35;IJburg-West;Amsterdam;WK036335  ;1;15705;7845;7860;3495;2255;4680;4450;825;9970;4490;1080;165;2830;5635;1420;230;1295;475;2220;190;12;40;2;6390;2075;1260;3055;2.4;14021.0;6274;509.0;29.0;71.0;95.0;5.0;47.0;53.0;32.0;21.0;0.0;0.0;100.0;2970.0;2570.0;3840.0;3740.0;4270.0;4760.0;2510.0;3510.0;30.0;10.0;20.0;80.0;220.0;360.0;20.0;40.0;95.9;2320.0;3550.0;6190.0;73.0;78.0;22.0;11500;50.0;37.0;35.5;36.5;42.9;29.0;35.3;7.3;7.0;10.0;12.0;64.1;390.0;480.0;190.0;760.0;;;700.0;45.0;2680;0.0;115.0;270.0;360.0;200.0;910.0;490.0;340.0;4280;3200;1080;0.7;3814.0;375;0.5;0.6;0.2;0.4;8.7;127;112;15;         .;;2.0;1759.0;BU0363MJ;IJburg, Zeeburgereiland;Oost;2763860.0;4.989739;52.359685
36;Sloterdijk-West;Amsterdam;WK036336  ;1;510;285;225;55;25;325;75;25;405;70;35;0;130;60;5;5;10;5;40;10;23;0;2;300;150;110;40;1.7;426.0;243;486.0;16.0;84.0;92.0;8.0;9.0;91.0;5.0;87.0;0.0;22.0;78.0;2270.0;2170.0;2610.0;2300.0;;4250.0;2270.0;2270.0;850.0;750.0;1020.0;1620.0;;2060.0;820.0;1220.0;;40.0;110.0;320.0;81.0;81.0;19.0;400;;;22.1;45.1;;31.1;28.7;13.1;11.7;13.8;14.5;12.6;10.0;10.0;10.0;30.0;;;15.0;29.0;670;0.0;50.0;125.0;85.0;85.0;200.0;30.0;95.0;330;220;110;1.1;273.0;20;1.0;0.5;0.5;0.7;27.7;121;120;1;         .;;1.0;2628.0;BU0363EA;Westerpark;West;1206997.0;4.85454;52.390316
37;Landlust;Amsterdam;WK036337  ;1;18935;9290;9650;2630;2295;8435;3995;1585;13045;4120;1420;350;3505;8080;3095;180;835;1730;2240;285;15;80;4;10380;5460;2525;2400;1.8;18566.0;9702;355.0;1.0;99.0;96.0;4.0;28.0;72.0;43.0;29.0;0.0;96.0;4.0;1850.0;1850.0;2620.0;3130.0;;;1770.0;2060.0;860.0;860.0;230.0;350.0;;;870.0;840.0;3.9;3870.0;4200.0;7570.0;69.0;82.0;18.0;15300;36.2;29.7;41.2;22.9;30.6;51.7;14.6;14.1;14.2;18.8;21.9;6.0;1180.0;810.0;260.0;1420.0;;;1240.0;65.0;3175;0.0;230.0;400.0;440.0;85.0;940.0;425.0;650.0;3855;3100;750;0.4;3771.0;360;0.4;0.3;0.2;0.3;35.6;109;102;7;         .;;1.0;7019.0;BU0363EE;Bos en Lommer;West;1084315.0;4.8542535;52.379876
38;Erasmuspark;Amsterdam;WK036338  ;1;5840;2765;3070;640;640;2990;1100;475;4190;1180;360;105;1315;1700;510;35;155;435;575;100;17;25;4;3345;1715;1000;635;1.7;16217.0;3082;362.0;0.0;100.0;96.0;4.0;42.0;58.0;16.0;42.0;0.0;92.0;8.0;1840.0;1840.0;;;;;1790.0;1930.0;950.0;950.0;;;;;980.0;900.0;;850.0;1060.0;3100.0;76.0;82.0;18.0;4900;41.9;35.7;31.9;30.2;34.9;42.6;18.5;8.1;8.6;11.6;13.7;24.7;160.0;180.0;90.0;430.0;;;265.0;45.0;1010;0.0;65.0;125.0;100.0;25.0;315.0;165.0;215.0;1245;1035;205;0.4;3428.0;140;0.2;0.3;0.2;0.3;38.8;41;36;4;         .;;1.0;8176.0;BU0363EF;Bos en Lommer;West;403525.0;4.8511805;52.376243
39;De Kolenkit;Amsterdam;WK036339  ;1;11020;5530;5495;1870;1620;4660;1960;910;7190;2855;740;240;1540;6535;2965;110;550;1555;1355;165;15;95;9;5555;2955;1125;1470;2.0;15306.0;5475;328.0;5.0;95.0;94.0;6.0;19.0;81.0;58.0;23.0;0.0;46.0;54.0;1970.0;1940.0;2750.0;1910.0;;;1910.0;2230.0;380.0;390.0;90.0;1100.0;;;410.0;260.0;60.9;2340.0;2340.0;4440.0;65.0;85.0;15.0;8300;32.8;25.7;45.5;20.1;28.4;53.1;13.9;14.8;14.5;19.6;23.5;3.0;690.0;490.0;140.0;830.0;;;825.0;75.0;1215;0.0;105.0;135.0;215.0;40.0;325.0;180.0;210.0;2130;1645;485;0.4;2953.0;130;0.4;0.5;0.3;0.4;34.3;74;72;2;         .;;1.0;6287.0;BU0363ED;Bos en Lommer;West;738259.0;4.8413775;52.3786475
40;Geuzenbuurt;Amsterdam;WK036340  ;1;6770;3280;3485;800;740;3355;1285;585;5045;1210;395;105;1630;1390;300;55;205;175;660;110;16;25;4;3995;2195;1085;715;1.7;24168.0;3694;419.0;0.0;100.0;95.0;5.0;32.0;68.0;17.0;51.0;0.0;98.0;2.0;1960.0;1960.0;;;;;1840.0;2210.0;990.0;990.0;;;;;1000.0;960.0;;700.0;1370.0;3550.0;77.0;79.0;21.0;5700;43.7;37.4;33.0;30.7;35.0;45.6;19.5;9.9;10.4;13.3;15.8;16.3;250.0;180.0;80.0;540.0;;;305.0;45.0;1395;0.0;70.0;170.0;160.0;50.0;460.0;185.0;305.0;1365;1160;205;0.3;4962.0;160;0.4;0.3;0.2;0.3;40.5;29;28;2;         .;;1.0;11183.0;BU0363EL;Oud-West, De Baarsjes;West;290653.0;4.861403;52.3727755
41;Van Galenbuurt;Amsterdam;WK036341  ;1;8245;4555;3695;985;950;3720;2020;575;6025;1170;935;115;1295;4160;1195;195;845;535;1385;125;15;40;5;3345;1915;820;615;1.7;28434.0;3220;354.0;0.0;100.0;96.0;4.0;22.0;78.0;49.0;29.0;0.0;100.0;0.0;1710.0;1710.0;;;;;1650.0;1930.0;880.0;880.0;;;;;880.0;860.0;;2690.0;2020.0;2560.0;68.0;82.0;18.0;4700;34.3;29.4;42.1;19.8;29.0;57.0;11.1;15.7;16.5;22.0;26.0;3.8;510.0;290.0;90.0;510.0;;;685.0;83.0;960;0.0;70.0;130.0;120.0;25.0;275.0;130.0;210.0;1335;1115;215;0.4;4626.0;145;0.3;0.4;0.3;0.4;43.0;29;29;1;         .;;1.0;9405.0;BU0363EK;Oud-West, De Baarsjes;West;292941.0;4.8495595;52.371973
42;Hoofdweg e.o.;Amsterdam;WK036342  ;1;10345;5135;5215;1220;1085;4775;2285;985;7220;2015;915;200;2015;3685;1125;115;510;740;1185;170;16;85;8;6010;3340;1500;1165;1.7;25868.0;5790;365.0;0.0;100.0;95.0;5.0;22.0;78.0;39.0;39.0;0.0;98.0;2.0;1710.0;1710.0;;;;;1610.0;2050.0;880.0;880.0;;;;;870.0;900.0;;2260.0;2260.0;4130.0;71.0;82.0;18.0;8600;37.4;31.8;38.8;22.8;32.2;54.2;14.5;14.0;14.8;19.2;22.2;4.9;620.0;440.0;150.0;890.0;;;760.0;73.0;1820;0.0;135.0;270.0;210.0;40.0;495.0;295.0;375.0;2095;1760;340;0.3;5252.0;220;0.2;0.3;0.2;0.4;45.1;42;40;2;         .;;1.0;10345.0;BU0363EM;Oud-West, De Baarsjes;West;418118.0;4.8533065;52.3672465
43;Westindische Buurt;Amsterdam;WK036343  ;1;6835;3225;3610;865;640;3400;1315;615;4975;1275;460;130;1645;1380;255;75;190;225;635;130;19;30;4;3905;1970;1150;785;1.7;21363.0;3632;444.0;1.0;99.0;95.0;5.0;31.0;69.0;17.0;52.0;0.0;100.0;0.0;2010.0;1990.0;4280.0;;;;1870.0;2320.0;1030.0;1020.0;2430.0;;;;1000.0;1090.0;;650.0;1200.0;3820.0;77.0;81.0;19.0;5700;47.9;40.5;30.3;33.8;37.3;44.2;22.8;9.3;9.2;12.4;14.7;16.6;160.0;200.0;70.0;560.0;;;335.0;49.0;1245;0.0;60.0;145.0;120.0;55.0;405.0;215.0;245.0;1515;1260;260;0.4;4760.0;165;0.3;0.4;0.2;0.4;50.2;35;32;3;         .;;1.0;9478.0;BU0363ER;Oud-West, De Baarsjes;West;345503.0;4.854062;52.361007
44;Hoofddorppleinbuurt;Amsterdam;WK036344  ;1;11775;5465;6315;1370;1135;5510;2575;1185;8450;2330;780;220;2900;1750;200;80;280;155;1035;215;18;45;4;6965;3745;1905;1315;1.7;13858.0;6540;445.0;2.0;98.0;94.0;6.0;37.0;63.0;13.0;51.0;0.0;99.0;1.0;2060.0;2040.0;3440.0;3200.0;4270.0;3300.0;1870.0;2390.0;1010.0;1000.0;1860.0;2050.0;2000.0;;970.0;1080.0;;980.0;2180.0;6810.0;78.0;80.0;20.0;9900;52.0;44.4;27.4;37.8;39.9;41.3;24.8;7.7;8.0;10.6;12.4;30.9;210.0;290.0;150.0;1090.0;;;495.0;42.0;2740;0.0;155.0;315.0;270.0;205.0;945.0;375.0;480.0;3230;2680;555;0.5;3807.0;300;0.4;0.3;0.2;0.6;42.1;96;85;11;         .;;1.0;6734.0;BU0363KA;Oud-Zuid;Zuid;953012.0;4.848138;52.3480815
45;Schinkelbuurt;Amsterdam;WK036345  ;1;3985;1905;2080;375;450;1835;905;425;2885;675;345;75;1085;790;110;25;155;70;430;45;11;15;3;2535;1550;625;365;1.6;13741.0;2411;438.0;1.0;99.0;94.0;6.0;25.0;75.0;33.0;42.0;0.0;92.0;8.0;1890.0;1880.0;3130.0;;;;1770.0;2240.0;960.0;950.0;1470.0;;;;930.0;1020.0;;400.0;810.0;2270.0;74.0;80.0;20.0;3400;47.2;41.2;32.4;30.8;;49.2;18.0;10.4;10.9;14.1;16.6;18.0;150.0;140.0;50.0;400.0;;;230.0;58.0;850;0.0;45.0;140.0;90.0;60.0;260.0;115.0;140.0;885;740;145;0.3;3048.0;85;0.4;0.2;0.1;0.7;40.4;35;29;6;         .;;1.0;7738.0;BU0363KB;Oud-Zuid;Zuid;344932.0;4.852877;52.3496455
46;Willemspark;Amsterdam;WK036346  ;1;5565;2735;2835;985;665;1585;1585;750;3300;1805;355;110;1840;715;60;25;80;65;475;50;9;20;4;2670;1165;660;850;2.1;8700.0;2681;1016.0;5.0;95.0;87.0;13.0;49.0;51.0;8.0;43.0;0.0;100.0;0.0;2980.0;2880.0;4420.0;4720.0;5010.0;5980.0;2440.0;3540.0;1580.0;1510.0;2600.0;2500.0;3050.0;5240.0;1340.0;1830.0;;410.0;840.0;3040.0;69.0;69.0;31.0;4000;107.1;79.1;27.9;47.8;83.7;27.8;44.8;6.6;6.8;7.9;9.4;203.5;50.0;50.0;40.0;690.0;;;150.0;27.0;1945;0.0;50.0;195.0;105.0;460.0;715.0;250.0;175.0;1915;1505;415;0.7;3001.0;100;0.3;0.3;0.3;0.4;40.5;70;64;6;         .;;1.0;7726.0;BU0363KC;Oud-Zuid;Zuid;695818.0;4.8627965;52.354371
47;Museumkwartier;Amsterdam;WK036347  ;1;12535;6140;6395;1740;1315;3775;3230;2475;7160;4150;815;415;3935;1375;55;90;155;105;975;115;9;60;5;6790;3500;1750;1535;1.8;9567.0;6882;978.0;6.0;94.0;86.0;14.0;39.0;60.0;4.0;56.0;1.0;98.0;2.0;2770.0;2640.0;4850.0;4450.0;4580.0;3700.0;2270.0;3530.0;1490.0;1420.0;2600.0;2820.0;3210.0;2600.0;1300.0;1770.0;;690.0;1760.0;7330.0;69.0;67.0;33.0;9700;89.3;70.4;27.3;44.5;67.7;33.0;37.1;6.7;6.3;7.8;9.2;139.8;80.0;160.0;110.0;2310.0;;;460.0;37.0;4060;5.0;110.0;565.0;235.0;755.0;1340.0;510.0;545.0;4040;3225;815;0.6;3075.0;230;0.3;0.4;0.2;0.4;44.4;139;131;7;         .;;1.0;7858.0;BU0363KD;Oud-Zuid;Zuid;1380178.0;4.8764645;52.355265
48;Stadionbuurt;Amsterdam;WK036348  ;1;11865;5615;6250;1550;1075;4555;2870;1810;7660;2680;1195;335;2760;2810;550;120;520;325;1290;145;12;80;7;6790;3635;1575;1580;1.7;12360.0;6569;470.0;0.0;100.0;95.0;5.0;17.0;83.0;47.0;36.0;0.0;84.0;16.0;1950.0;1940.0;4390.0;3870.0;;;1890.0;2270.0;860.0;850.0;2170.0;2680.0;;;830.0;1020.0;16.3;1520.0;2630.0;5320.0;68.0;80.0;20.0;9700;49.1;40.7;34.9;31.9;37.9;47.7;20.7;10.9;12.1;16.7;19.6;15.6;450.0;490.0;150.0;1670.0;;;920.0;78.0;2280;0.0;110.0;290.0;225.0;185.0;690.0;455.0;330.0;3090;2555;530;0.5;3226.0;250;0.6;0.3;0.2;0.4;32.9;107;96;12;         .;;1.0;5380.0;BU0363KH;Oud-Zuid;Zuid;1069767.0;4.8574755;52.3444565
49;Apollobuurt;Amsterdam;WK036349  ;1;8500;4085;4415;1635;895;2085;2335;1550;4500;3125;580;300;2735;955;25;60;80;100;695;110;13;50;6;3935;1620;940;1370;2.2;9659.0;3910;1153.0;15.0;85.0;90.0;10.0;53.0;47.0;2.0;45.0;0.0;100.0;0.0;3440.0;3160.0;4850.0;4650.0;5500.0;5550.0;2960.0;3870.0;1900.0;1740.0;2570.0;2870.0;3110.0;3610.0;1700.0;2070.0;;510.0;1280.0;4410.0;68.0;66.0;34.0;6000;95.1;68.9;26.3;50.2;77.1;25.4;48.6;6.0;5.8;6.8;7.8;614.7;20.0;60.0;60.0;1430.0;;;315.0;37.0;2265;0.0;85.0;215.0;115.0;505.0;815.0;315.0;215.0;3275;2585;690;0.8;3705.0;105;0.3;0.3;0.3;0.3;38.1;94;88;6;         .;;1.0;5664.0;BU0363KJ;Oud-Zuid;Zuid;939203.0;4.875792;52.3480995
50;IJburg-Oost;Amsterdam;WK036350  ;1;70;40;35;25;5;25;15;0;50;20;0;0;10;15;0;0;5;5;10;10;141;0;0;25;5;5;15;3.1;178.0;9;;;;;;;;;;;;;4600.0;;;;;;;4600.0;;;;;;;;;;40.0;10.0;80.0;;;;0;;;;;;;;;;;;;0.0;0.0;0.0;0.0;;;;;10;;;;;;;;;15;10;5;;;5;0.7;0.7;0.6;0.8;7.6;40;40;0;         .;;3.0;1011.0;BU0363MK;IJburg, Zeeburgereiland;Oost;5395788.0;5.0177565;52.3612875
51;IJburg-Zuid;Amsterdam;WK036351  ;1;8155;3970;4185;2305;975;2485;2055;340;5290;2280;515;70;1400;3160;855;110;640;370;1180;95;12;20;2;3135;1010;485;1640;2.6;12356.0;3097;525.0;29.0;71.0;96.0;4.0;45.0;55.0;39.0;16.0;0.0;0.0;100.0;2920.0;2430.0;3780.0;3930.0;5040.0;6120.0;2430.0;3520.0;0.0;0.0;0.0;0.0;0.0;70.0;0.0;0.0;98.9;1110.0;1780.0;2900.0;72.0;79.0;21.0;5500;51.2;34.9;35.2;36.8;40.3;29.8;34.8;8.0;7.6;10.8;12.8;62.5;240.0;330.0;90.0;310.0;;;425.0;52.0;1240;0.0;50.0;125.0;175.0;110.0;430.0;200.0;150.0;2180;1540;640;0.7;3288.0;165;0.5;0.5;0.2;0.3;8.0;73;66;6;         .;;2.0;1552.0;BU0363ML;IJburg, Zeeburgereiland;Oost;965637.0;5.0063885;52.3497225
52;Scheldebuurt;Amsterdam;WK036352  ;1;14835;6930;7905;2055;1365;6090;3045;2275;9800;3430;1155;455;3540;1955;255;105;320;160;1115;235;16;130;9;8190;4150;2165;1870;1.8;14985.0;7854;561.0;2.0;98.0;92.0;8.0;28.0;72.0;16.0;56.0;0.0;92.0;8.0;2410.0;2380.0;3370.0;4060.0;4810.0;5530.0;2220.0;2890.0;1180.0;1160.0;2120.0;2280.0;3340.0;3640.0;1110.0;1370.0;;970.0;2220.0;8640.0;76.0;79.0;21.0;12000;55.6;46.1;27.3;39.7;43.1;39.9;28.6;6.5;7.2;9.6;11.5;34.2;210.0;320.0;150.0;2130.0;;;885.0;60.0;2740;0.0;80.0;380.0;235.0;225.0;895.0;480.0;450.0;3825;3175;655;0.5;3869.0;320;0.3;0.3;0.2;0.4;33.6;101;99;2;         .;;1.0;7226.0;BU0363KK;De Pijp, Rivierenbuurt;Zuid;1003835.0;4.8961455;52.341527
53;IJselbuurt;Amsterdam;WK036353  ;1;5220;2500;2720;540;570;2235;1145;730;3650;950;495;130;1080;1145;255;65;240;105;470;60;12;25;5;3225;1885;775;565;1.6;20092.0;3014;426.0;0.0;100.0;94.0;6.0;16.0;84.0;44.0;40.0;0.0;95.0;5.0;1920.0;1920.0;;;;;1840.0;2330.0;1000.0;1000.0;;;;;990.0;1050.0;;690.0;1300.0;2470.0;71.0;82.0;18.0;4500;41.1;35.8;37.3;28.2;32.5;53.7;16.3;11.6;12.6;17.3;20.5;7.9;260.0;190.0;70.0;670.0;;;370.0;71.0;920;0.0;55.0;135.0;80.0;40.0;290.0;140.0;180.0;1205;1025;180;0.4;4710.0;120;0.4;0.3;0.3;0.6;36.1;29;26;4;         .;;1.0;9528.0;BU0363KL;De Pijp, Rivierenbuurt;Zuid;290978.0;4.9039145;52.3480695
54;Rijnbuurt;Amsterdam;WK036354  ;1;9080;4275;4810;935;980;3765;2065;1340;6375;1590;890;235;1735;1910;365;95;355;155;940;110;13;40;5;5650;3310;1370;970;1.6;9365.0;5296;422.0;1.0;99.0;95.0;5.0;20.0;80.0;38.0;42.0;0.0;98.0;2.0;1850.0;1830.0;;;5790.0;5220.0;1730.0;2310.0;1010.0;990.0;;;2800.0;4240.0;990.0;1100.0;;940.0;1860.0;4810.0;71.0;82.0;18.0;7800;43.7;38.1;36.5;28.6;33.8;53.5;16.9;12.4;13.4;17.8;20.9;10.3;470.0;370.0;120.0;1240.0;;;705.0;78.0;1505;0.0;75.0;190.0;130.0;95.0;490.0;255.0;270.0;2190;1880;305;0.4;2267.0;225;0.3;0.4;0.2;0.3;28.3;110;97;14;         .;;1.0;6026.0;BU0363KM;De Pijp, Rivierenbuurt;Zuid;1099113.0;4.903829;52.340065
55;Frankendael;Amsterdam;WK036355  ;1;11895;5970;5925;1520;1520;4520;2595;1730;8050;2445;1030;370;2190;3430;795;135;715;250;1535;165;14;125;11;6685;4040;1330;1315;1.7;7527.0;6153;386.0;15.0;85.0;95.0;5.0;17.0;83.0;49.0;34.0;0.0;81.0;19.0;1930.0;1800.0;2570.0;2660.0;3760.0;4890.0;1750.0;2810.0;970.0;890.0;1330.0;1540.0;2160.0;3300.0;890.0;1350.0;;1510.0;2960.0;5210.0;68.0;82.0;18.0;9100;41.6;35.0;38.2;27.0;31.9;56.4;17.0;10.7;10.9;15.6;18.6;7.3;480.0;560.0;160.0;1640.0;;;1120.0;94.0;1895;0.0;115.0;205.0;245.0;210.0;550.0;295.0;280.0;2620;2095;530;0.4;1657.0;265;0.4;0.7;0.4;0.8;26.5;167;158;9;         .;;1.0;5352.0;BU0363MM;Watergraafsmeer;Oost;1667659.0;4.9262095;52.3475745
56;Middenmeer;Amsterdam;WK036356  ;1;15535;7450;8085;2350;2920;4770;3635;1860;10320;3970;870;385;3380;2465;335;110;425;165;1435;195;13;65;4;8370;4400;1865;2100;1.9;5490.0;8026;488.0;6.0;94.0;95.0;5.0;37.0;63.0;34.0;29.0;0.0;62.0;38.0;2330.0;2250.0;3550.0;3500.0;;4140.0;2000.0;2890.0;1050.0;1050.0;1100.0;830.0;;950.0;990.0;1140.0;9.6;1220.0;3400.0;7870.0;71.0;78.0;22.0;12100;52.6;42.4;34.6;34.2;38.7;45.4;27.5;6.7;6.4;8.9;11.5;31.1;270.0;320.0;150.0;1700.0;;;750.0;48.0;2760;5.0;105.0;275.0;310.0;195.0;940.0;490.0;445.0;3940;3220;720;0.5;1390.0;315;0.5;0.5;0.4;0.6;22.0;302;283;19;         .;;1.0;4804.0;BU0363MN;Watergraafsmeer;Oost;3010251.0;4.948974;52.349646
57;Betondorp;Amsterdam;WK036357  ;1;3135;1465;1675;390;265;845;875;760;1785;755;445;150;405;805;200;25;225;45;315;40;13;35;11;1875;1070;390;415;1.7;2878.0;1957;361.0;31.0;69.0;93.0;7.0;17.0;83.0;73.0;10.0;0.0;100.0;0.0;1770.0;1670.0;2040.0;1930.0;1970.0;;1720.0;2030.0;1040.0;1010.0;1030.0;1170.0;1270.0;;1030.0;1050.0;;640.0;750.0;980.0;59.0;83.0;17.0;2700;29.6;25.4;48.6;14.5;;63.7;7.4;15.7;18.7;26.7;31.3;7.5;230.0;190.0;40.0;690.0;;;460.0;147.0;355;0.0;30.0;45.0;40.0;15.0;100.0;65.0;60.0;980;860;120;0.5;899.0;95;0.3;1.4;0.3;1.3;17.3;113;109;5;         .;;1.0;2654.0;BU0363MP;Watergraafsmeer;Oost;1129579.0;4.9399395;52.3421535
58;Omval/Overamstel;Amsterdam;WK036358  ;1;5250;2735;2515;420;790;3130;655;265;4200;820;185;45;1320;1015;65;65;145;95;645;70;14;15;3;3380;2145;880;355;1.5;1842.0;4007;;1.0;99.0;76.0;24.0;15.0;85.0;3.0;82.0;0.0;16.0;84.0;1840.0;1800.0;5720.0;;;5920.0;1630.0;2760.0;140.0;130.0;0.0;;;1930.0;160.0;60.0;49.3;230.0;950.0;3650.0;81.0;85.0;15.0;4400;58.2;51.4;24.6;42.3;41.4;44.6;24.5;5.0;3.8;5.4;6.7;8.9;40.0;130.0;50.0;240.0;;;90.0;17.0;1400;0.0;75.0;170.0;215.0;170.0;455.0;150.0;165.0;1495;965;530;0.4;525.0;155;1.7;1.7;0.8;0.9;14.3;320;285;35;         .;;1.0;2938.0;BU0363MQ;Watergraafsmeer;Oost;3185096.0;4.918914;52.332379
59;Prinses Irenebuurt e.o.;Amsterdam;WK036359  ;1;1380;645;735;275;130;325;345;305;705;520;80;70;435;205;10;5;10;25;150;5;5;5;5;655;285;165;205;2.1;3632.0;693;913.0;33.0;67.0;89.0;11.0;73.0;27.0;0.0;27.0;1.0;100.0;0.0;3290.0;2700.0;4120.0;4710.0;4850.0;5650.0;2790.0;3480.0;1680.0;1230.0;2150.0;2870.0;3410.0;3700.0;1250.0;1840.0;10.0;100.0;170.0;680.0;66.0;69.0;31.0;1000;;;24.9;51.0;;20.9;43.6;5.3;4.3;5.1;6.1;763.7;0.0;10.0;0.0;290.0;;;50.0;36.0;275;0.0;15.0;25.0;10.0;55.0;100.0;35.0;30.0;590;425;170;0.9;1548.0;20;0.4;0.6;0.2;0.7;32.9;43;38;5;         .;;1.0;4449.0;BU0363KN;Buitenveldert, Zuidas;Zuid;431383.0;4.875265;52.3437075
60;Volewijck;Amsterdam;WK036360  ;1;9445;4665;4780;1585;965;3065;2595;1230;5830;2230;1030;345;1220;3860;1065;150;660;440;1545;125;13;65;7;4920;2455;900;1570;1.9;7936.0;4879;294.0;24.0;76.0;94.0;6.0;13.0;87.0;78.0;8.0;0.0;99.0;1.0;1930.0;1810.0;2320.0;2290.0;2270.0;4130.0;1900.0;2170.0;1070.0;1010.0;1210.0;1310.0;1430.0;1870.0;1070.0;1070.0;;2440.0;2400.0;2390.0;60.0;78.0;22.0;7500;27.7;22.2;52.5;11.2;25.1;64.0;8.1;18.2;19.3;26.4;31.6;2.6;820.0;590.0;140.0;1100.0;;;1040.0;110.0;1450;0.0;130.0;210.0;190.0;20.0;370.0;205.0;325.0;2550;2125;430;0.5;2135.0;190;0.3;0.5;0.3;0.4;16.1;131;119;12;         .;;1.0;3115.0;BU0363NK;Oud-Noord;Noord;1308084.0;4.911168;52.391072
61;IJplein/Vogelbuurt;Amsterdam;WK036361  ;1;8135;4110;4025;1200;895;2775;2230;1030;5205;1815;880;240;1260;3530;1095;125;660;335;1315;115;14;60;7;4395;2395;850;1155;1.8;6838.0;4152;324.0;8.0;92.0;95.0;5.0;19.0;80.0;66.0;14.0;0.0;96.0;4.0;1870.0;1860.0;1810.0;1910.0;2460.0;4670.0;1850.0;1940.0;1020.0;1000.0;1070.0;1300.0;1310.0;3100.0;1050.0;920.0;;1930.0;2010.0;2550.0;61.0;78.0;22.0;6600;29.0;23.8;51.2;13.3;27.1;61.0;9.4;18.6;19.2;26.0;30.1;3.5;670.0;500.0;100.0;930.0;;;875.0;108.0;1240;0.0;105.0;130.0;190.0;35.0;315.0;175.0;290.0;2100;1735;360;0.5;1770.0;180;0.5;0.4;0.4;0.4;13.6;145;119;27;         .;;1.0;2825.0;BU0363NL;Oud-Noord;Noord;1447679.0;4.920863;52.3894655
62;Tuindorp Nieuwendam;Amsterdam;WK036362  ;1;3485;1595;1890;550;295;790;1050;810;1790;1055;425;215;395;520;100;25;115;35;245;40;11;25;7;1825;835;420;565;1.9;8107.0;1842;328.0;90.0;10.0;96.0;4.0;20.0;80.0;78.0;2.0;0.0;100.0;0.0;2010.0;1610.0;2060.0;2050.0;1940.0;4120.0;1940.0;2280.0;1180.0;1040.0;1120.0;1310.0;1330.0;2740.0;1180.0;1190.0;;730.0;720.0;1090.0;61.0;77.0;23.0;2900;30.5;25.1;45.9;14.0;;58.1;11.0;10.4;13.2;18.7;22.8;11.6;170.0;220.0;30.0;750.0;;;450.0;129.0;455;0.0;45.0;60.0;55.0;10.0;105.0;80.0;95.0;1245;1100;145;0.7;2898.0;135;0.4;0.9;0.3;0.7;14.8;47;43;4;         .;;1.0;2911.0;BU0363NN;Oud-Noord;Noord;468756.0;4.943725;52.3906625
63;Tuindorp Buiksloot;Amsterdam;WK036363  ;1;1895;910;985;295;195;500;545;360;1035;550;190;120;225;420;95;10;90;30;195;30;15;25;14;930;385;210;330;2.0;11153.0;912;318.0;87.0;13.0;96.0;4.0;19.0;81.0;80.0;2.0;0.0;100.0;0.0;2310.0;1940.0;2350.0;2280.0;2770.0;;2310.0;2300.0;1200.0;790.0;1190.0;1340.0;1610.0;;1220.0;1120.0;;440.0;450.0;530.0;61.0;84.0;16.0;1600;;;49.4;12.9;;54.7;11.5;13.4;12.5;19.5;24.9;5.5;130.0;140.0;20.0;320.0;;;240.0;127.0;175;0.0;35.0;15.0;20.0;5.0;45.0;20.0;30.0;645;575;70;0.7;3826.0;60;0.8;1.0;0.3;0.5;21.4;17;17;0;         .;;1.0;2750.0;BU0363NM;Oud-Noord;Noord;172385.0;4.9290745;52.3932215
64;Nieuwendammerdijk/Buiksloterdijk;Amsterdam;WK036364  ;1;1670;820;845;355;190;330;525;275;985;560;80;40;260;65;5;15;0;5;40;20;13;5;4;645;155;195;295;2.6;4631.0;630;705.0;85.0;15.0;95.0;5.0;92.0;8.0;0.0;8.0;0.0;93.0;7.0;3410.0;3040.0;2890.0;3680.0;3410.0;4000.0;2650.0;3470.0;1850.0;1550.0;1450.0;2070.0;1750.0;2450.0;1620.0;1870.0;;100.0;240.0;870.0;76.0;63.0;37.0;1200;;;27.8;44.7;;14.3;52.5;2.2;1.9;2.4;2.7;625.9;0.0;20.0;20.0;250.0;;;40.0;24.0;410;0.0;15.0;25.0;40.0;45.0;150.0;65.0;70.0;630;485;145;1.0;1762.0;80;0.9;1.2;0.4;0.8;18.7;43;36;8;         .;;1.0;2626.0;BU0363NF;Oud-Noord;Noord;431664.0;4.933579;52.393568
65;Tuindorp Oostzaan;Amsterdam;WK036365  ;1;12010;5785;6225;2220;1130;3485;3170;2005;6770;3545;1160;535;1465;3455;955;125;695;415;1265;175;14;115;10;5675;2410;1240;2025;2.1;7555.0;5398;329.0;72.0;28.0;98.0;2.0;31.0;69.0;64.0;5.0;0.0;83.0;17.0;2310.0;1860.0;2490.0;2420.0;2620.0;5090.0;2120.0;2720.0;940.0;790.0;940.0;1110.0;1310.0;2800.0;970.0;880.0;9.0;2820.0;2950.0;3110.0;65.0;82.0;18.0;9300;31.8;25.0;44.0;16.9;28.6;51.1;15.1;11.7;12.8;17.9;22.2;12.9;590.0;730.0;140.0;1840.0;;;1360.0;113.0;1300;0.0;170.0;150.0;200.0;25.0;280.0;225.0;245.0;3990;3410;580;0.7;2510.0;395;0.6;0.9;0.5;0.6;7.8;170;159;11;         .;;2.0;2378.0;BU0363NC;Noord-West;Noord;1693237.0;4.891192;52.4102805
66;Oostzanerwerf;Amsterdam;WK036366  ;1;8855;4355;4500;1525;1115;2280;2595;1345;4835;2870;800;355;1115;2970;535;80;600;530;1225;100;11;65;7;4025;1565;930;1530;2.2;3501.0;3690;331.0;42.0;58.0;97.0;3.0;45.0;55.0;50.0;5.0;0.0;97.0;3.0;2560.0;2140.0;3060.0;3180.0;3190.0;3810.0;2210.0;2990.0;1200.0;1110.0;1160.0;1520.0;1620.0;1950.0;1180.0;1210.0;;2370.0;2610.0;1770.0;66.0;81.0;19.0;7100;32.1;25.8;43.3;17.4;30.7;44.8;17.9;9.8;10.2;13.7;17.4;33.5;390.0;450.0;90.0;1200.0;;;735.0;83.0;995;0.0;170.0;130.0;140.0;30.0;225.0;145.0;150.0;3140;2605;535;0.8;1239.0;360;0.9;0.7;0.7;0.7;8.8;332;253;79;         .;;2.0;2021.0;BU0363NA;Noord-West;Noord;3309483.0;4.877243;52.422292
67;Kadoelen;Amsterdam;WK036367  ;1;3505;1670;1835;760;350;830;1010;560;1905;1280;210;110;400;635;135;35;145;85;230;50;14;25;7;1395;350;375;675;2.5;2597.0;1347;489.0;85.0;15.0;97.0;3.0;66.0;34.0;31.0;3.0;0.0;85.0;15.0;3030.0;2130.0;2910.0;3010.0;3780.0;3810.0;2310.0;3400.0;1340.0;1040.0;1100.0;1410.0;1740.0;2020.0;1100.0;1470.0;;580.0;920.0;1050.0;70.0;76.0;24.0;2600;42.6;32.2;35.1;28.2;;28.7;34.0;4.6;4.7;7.0;8.7;272.7;50.0;120.0;40.0;510.0;;;225.0;64.0;515;0.0;55.0;45.0;50.0;45.0;165.0;65.0;90.0;1380;1120;265;1.0;1024.0;170;1.1;0.9;0.5;0.5;12.7;150;135;15;         .;;2.0;1842.0;BU0363ND;Noord-West;Noord;1490241.0;4.9091525;52.416194
68;Waterlandpleinbuurt;Amsterdam;WK036368  ;1;13560;6625;6940;2850;1830;4165;3140;1575;7945;3900;1290;425;1675;7870;2355;225;1195;1635;2460;185;13;90;7;6095;2670;1170;2250;2.2;9551.0;5753;300.0;15.0;85.0;96.0;4.0;29.0;71.0;51.0;19.0;0.0;79.0;21.0;2360.0;2190.0;3030.0;3340.0;4570.0;5160.0;2250.0;2630.0;880.0;860.0;860.0;800.0;2240.0;2680.0;810.0;1050.0;20.0;3590.0;3640.0;2890.0;64.0;82.0;18.0;10000;29.2;22.1;48.5;13.5;27.5;51.0;11.4;13.2;12.3;17.0;20.8;6.8;810.0;590.0;170.0;1420.0;;;1110.0;82.0;1380;0.0;160.0;165.0;280.0;40.0;300.0;235.0;200.0;3835;3070;765;0.6;2692.0;235;0.6;0.5;0.3;0.4;11.9;151;142;9;         .;;1.0;2625.0;BU0363NJ;Noord-Oost;Noord;1503883.0;4.9539;52.394554
69;Buikslotermeer;Amsterdam;WK036369  ;1;11185;5365;5820;1530;1690;3145;2415;2410;6420;2880;1165;720;1695;5120;1070;180;895;730;2250;90;8;170;15;5995;3315;1240;1440;1.8;7408.0;5304;287.0;5.0;95.0;95.0;5.0;30.0;70.0;56.0;14.0;0.0;96.0;4.0;2010.0;1960.0;2870.0;3160.0;4630.0;;1950.0;2160.0;770.0;730.0;1390.0;1600.0;2830.0;;720.0;890.0;7.9;2610.0;3310.0;2790.0;60.0;83.0;17.0;8800;28.4;23.4;50.7;12.2;26.2;59.6;7.6;12.4;13.7;18.9;23.6;6.7;710.0;460.0;100.0;2290.0;;;1765.0;158.0;1255;0.0;100.0;220.0;195.0;40.0;275.0;200.0;230.0;2965;2465;500;0.5;1963.0;205;0.5;0.4;0.5;0.4;19.3;155;151;4;         .;;1.0;3018.0;BU0363NH;Noord-Oost;Noord;1547295.0;4.938175;52.4001735
70;Banne Buiksloot;Amsterdam;WK036370  ;1;14815;7235;7580;2820;1870;4230;3560;2330;8325;4495;1365;625;1825;7665;2065;195;1235;1565;2605;175;12;180;12;6695;2955;1310;2430;2.2;8924.0;6260;309.0;18.0;82.0;97.0;3.0;30.0;70.0;62.0;8.0;0.0;80.0;20.0;2250.0;2070.0;2940.0;3080.0;3600.0;4730.0;2090.0;2600.0;840.0;850.0;710.0;910.0;690.0;2810.0;840.0;830.0;19.9;3910.0;3820.0;3090.0;61.0;82.0;18.0;11200;29.1;22.5;50.1;14.0;27.5;53.4;12.3;14.2;14.2;19.9;24.0;7.5;940.0;710.0;170.0;2110.0;;;1600.0;108.0;1345;0.0;165.0;180.0;215.0;35.0;280.0;260.0;210.0;4175;3395;780;0.6;2520.0;240;0.7;0.7;0.4;0.7;15.2;183;166;17;         .;;1.0;2595.0;BU0363NE;Noord-West;Noord;1822648.0;4.9165665;52.407933
71;Noordelijke IJ-oevers-West;Amsterdam;WK036371  ;1;5815;3110;2705;690;795;3135;870;325;4420;1065;285;50;1255;1280;205;100;240;110;615;105;18;15;2;3660;2250;865;540;1.6;2326.0;3271;352.0;4.0;96.0;94.0;6.0;19.0;81.0;20.0;61.0;0.0;2.0;98.0;1940.0;1860.0;3950.0;4110.0;;;1700.0;2940.0;20.0;20.0;0.0;0.0;;;20.0;60.0;92.5;610.0;1670.0;3600.0;77.0;78.0;22.0;4800;46.5;39.7;29.7;33.2;34.8;49.3;21.8;9.0;7.0;10.0;11.7;2.7;110.0;120.0;90.0;360.0;;;120.0;21.0;2820;0.0;245.0;440.0;390.0;220.0;850.0;235.0;435.0;3005;2060;945;0.8;1202.0;200;0.7;0.7;0.7;1.1;12.0;405;250;155;         .;;2.0;2395.0;BU0363NB;Oud-Noord;Noord;4036112.0;4.888284;52.4002125
72;Noordelijke IJ-oevers-Oost;Amsterdam;WK036372  ;1;250;165;85;20;40;130;50;20;185;45;15;5;100;45;0;5;5;5;30;5;12;5;4;185;140;30;10;1.4;366.0;197;254.0;8.0;92.0;58.0;42.0;12.0;88.0;0.0;88.0;0.0;39.0;61.0;1550.0;1420.0;3720.0;;;;1410.0;2800.0;840.0;760.0;1700.0;;;;770.0;1480.0;;30.0;90.0;140.0;68.0;71.0;29.0;200;;;43.5;18.0;;67.1;6.2;14.1;14.1;14.1;16.4;2.1;0.0;10.0;0.0;20.0;;;;;780;0.0;70.0;150.0;110.0;55.0;230.0;40.0;120.0;340;195;145;1.8;495.0;15;0.7;0.3;0.3;0.6;13.3;111;68;43;         .;;2.0;2425.0;BU0363NP;Oud-Noord;Noord;1104352.0;4.9356245;52.384209
73;Waterland;Amsterdam;WK036373  ;1;2415;1240;1175;460;250;445;790;465;1295;900;130;90;275;115;5;5;20;15;75;20;10;10;5;1005;320;275;410;2.4;97.0;896;753.0;85.0;15.0;92.0;8.0;80.0;20.0;4.0;17.0;0.0;78.0;22.0;3700.0;2810.0;2990.0;3250.0;3340.0;4260.0;2900.0;3890.0;1850.0;1330.0;1390.0;1710.0;1710.0;2130.0;1510.0;1930.0;;350.0;510.0;920.0;73.0;61.0;39.0;1900;;;36.6;33.5;;25.9;39.9;6.1;6.3;7.8;9.0;590.2;10.0;70.0;20.0;430.0;;;135.0;56.0;570;35.0;55.0;60.0;45.0;40.0;155.0;70.0;105.0;1185;915;270;1.2;48.0;130;2.4;2.3;1.9;2.0;3.6;2775;2477;298;         .;;5.0;379.0;BU0363NQ;Noord-Oost;Noord;42392051.0;5.0044115;52.397496
74;Elzenhagen;Amsterdam;WK036374  ;1;3855;2035;1815;880;485;1510;725;255;2550;1065;190;55;550;1510;305;50;270;205;680;75;20;10;3;1840;930;285;620;2.1;4701.0;1912;;39.0;61.0;83.0;17.0;34.0;66.0;51.0;15.0;0.0;21.0;79.0;2460.0;1780.0;3190.0;3410.0;3960.0;3890.0;1910.0;3300.0;740.0;320.0;940.0;1080.0;1860.0;2140.0;460.0;1000.0;17.9;590.0;1380.0;1280.0;73.0;80.0;20.0;2800;42.6;31.5;35.9;30.2;;50.7;26.8;15.0;12.2;16.9;19.8;7.6;190.0;110.0;50.0;240.0;;;165.0;43.0;515;0.0;35.0;65.0;80.0;15.0;145.0;95.0;80.0;1095;855;240;0.6;1342.0;80;1.3;0.8;0.5;0.5;16.7;86;82;4;         .;;1.0;2767.0;BU0363NG;Noord-Oost;Noord;857560.0;4.9307625;52.403315
75;Chassbuurt;Amsterdam;WK036375  ;1;6095;2980;3120;865;755;2470;1445;565;4180;1375;415;125;1225;2155;740;55;245;425;690;75;12;35;6;3225;1605;760;860;1.9;24396.0;2982;435.0;2.0;98.0;96.0;4.0;26.0;74.0;41.0;33.0;0.0;90.0;10.0;2060.0;2060.0;2260.0;2380.0;;;1930.0;2420.0;960.0;960.0;1070.0;1270.0;;;960.0;950.0;;1140.0;1220.0;2680.0;69.0;80.0;20.0;5000;38.8;32.0;40.8;25.3;32.2;50.0;18.3;13.2;13.1;17.8;20.8;8.3;310.0;250.0;80.0;510.0;;;325.0;53.0;1140;0.0;65.0;145.0;135.0;35.0;350.0;165.0;240.0;1255;1025;230;0.4;4950.0;145;0.3;0.3;0.2;0.3;43.6;28;25;2;         .;;1.0;11873.0;BU0363EN;Oud-West, De Baarsjes;West;274609.0;4.860792;52.367594
76;Slotermeer-Noordoost;Amsterdam;WK036376  ;1;9215;4765;4450;1815;1225;3050;2200;925;5505;2690;805;215;1260;5740;2370;95;460;1555;1255;115;13;35;4;4425;2240;760;1420;2.1;9599.0;4145;264.0;23.0;77.0;93.0;7.0;25.0;75.0;64.0;12.0;0.0;95.0;5.0;1910.0;1710.0;2560.0;2440.0;3210.0;;1730.0;2450.0;1020.0;920.0;1290.0;1510.0;2070.0;;960.0;1190.0;4.7;2830.0;2330.0;1820.0;59.0;81.0;19.0;6900;27.6;21.0;52.0;11.6;25.2;59.4;9.5;18.8;18.4;24.1;28.2;3.3;740.0;500.0;120.0;860.0;;;700.0;76.0;1065;0.0;205.0;200.0;175.0;20.0;185.0;125.0;155.0;2260;1780;480;0.5;2348.0;140;0.4;0.5;0.3;0.3;27.4;102;96;5;         .;;1.0;3935.0;BU0363FD;Geuzenveld, Slotermeer;Nieuw-West;1011315.0;4.8290985;52.3806855
77;Slotermeer-Zuidwest;Amsterdam;WK036377  ;1;17795;9045;8750;3280;2435;6020;3980;2070;10550;5165;1625;445;2415;10985;4845;140;875;2905;2220;235;13;120;7;8640;4425;1470;2745;2.1;7909.0;8038;263.0;17.0;83.0;95.0;5.0;21.0;79.0;66.0;13.0;0.0;92.0;8.0;1990.0;1870.0;2540.0;2500.0;3270.0;4660.0;1850.0;2500.0;910.0;860.0;1100.0;1260.0;1940.0;2930.0;900.0;940.0;14.2;5020.0;4770.0;3640.0;59.0;81.0;19.0;13500;27.9;21.5;51.6;12.1;25.6;59.0;10.0;17.8;17.8;23.5;27.7;3.4;1290.0;940.0;200.0;1880.0;;;1465.0;82.0;1950;0.0;365.0;235.0;380.0;30.0;365.0;340.0;240.0;4630;3665;970;0.5;2060.0;325;0.6;0.5;0.3;0.6;27.1;281;225;56;         .;;1.0;3830.0;;;;;;
78;Geuzenveld;Amsterdam;WK036378  ;1;16345;8255;8085;3570;2220;5305;3505;1745;9230;5305;1345;475;1830;11215;4480;160;850;3965;1760;235;14;115;7;6885;2880;1215;2785;2.3;12383.0;6276;305.0;27.0;73.0;96.0;4.0;25.0;75.0;63.0;13.0;0.0;62.0;38.0;2290.0;2110.0;2760.0;2730.0;2970.0;;2120.0;2800.0;840.0;730.0;1050.0;1320.0;1500.0;;850.0;800.0;21.2;5080.0;4640.0;2390.0;61.0;78.0;22.0;11700;27.9;20.4;51.1;12.1;26.1;53.5;12.1;15.7;15.3;21.4;25.7;4.4;930.0;930.0;170.0;1600.0;;;1355.0;83.0;1650;0.0;395.0;200.0;365.0;25.0;250.0;240.0;175.0;4505;3420;1085;0.7;3411.0;240;0.5;0.3;0.2;0.3;15.5;141;132;9;         .;;1.0;2986.0;BU0363FB;Geuzenveld, Slotermeer;Nieuw-West;3819230.0;4.7855655;52.3771485
79;Eendracht;Amsterdam;WK036379  ;1;2445;1205;1240;440;275;650;665;415;1130;1080;145;85;290;1205;305;20;160;485;235;30;12;10;4;1025;310;285;425;2.4;1116.0;933;388.0;75.0;25.0;97.0;3.0;52.0;48.0;34.0;15.0;0.0;100.0;0.0;2760.0;2020.0;3030.0;2920.0;;3670.0;2410.0;3090.0;1150.0;890.0;1180.0;1460.0;;1950.0;1040.0;1250.0;;560.0;780.0;500.0;65.0;77.0;23.0;1900;;;39.5;18.0;;35.5;20.0;6.3;6.4;8.8;10.8;76.1;50.0;120.0;40.0;390.0;;;175.0;72.0;280;10.0;60.0;40.0;45.0;5.0;50.0;30.0;40.0;1020;850;170;1.0;466.0;65;0.9;0.7;0.3;0.8;11.7;242;219;23;         .;;2.0;1690.0;;;;;;
80;Lutkemeer/Ookmeer;Amsterdam;WK036380  ;1;1190;660;530;175;160;345;325;190;680;390;75;40;110;460;30;0;20;50;360;15;13;10;8;400;165;105;130;2.1;223.0;309;617.0;92.0;8.0;90.0;10.0;66.0;33.0;5.0;29.0;0.0;75.0;25.0;4320.0;2760.0;3970.0;2480.0;3960.0;4900.0;3520.0;4700.0;2070.0;1300.0;1190.0;1200.0;1890.0;2440.0;1860.0;2170.0;;350.0;380.0;280.0;63.0;65.0;35.0;700;;;43.7;23.7;;41.6;25.3;9.0;10.1;13.3;15.2;219.2;30.0;40.0;10.0;170.0;;;50.0;42.0;315;15.0;65.0;85.0;15.0;25.0;55.0;30.0;25.0;510;410;100;1.3;96.0;60;1.5;1.5;1.2;1.0;13.7;569;533;36;         .;;3.0;1099.0;BU0363FF;Osdorp;Nieuw-West;5665784.0;4.7811915;52.36634
81;Osdorp-Oost;Amsterdam;WK036381  ;1;17150;8440;8715;2710;2270;5365;3710;3095;9635;4995;1655;860;2745;8815;3525;165;1085;1765;2275;200;12;180;10;9085;4890;1880;2320;1.9;10854.0;8356;279.0;14.0;86.0;96.0;4.0;25.0;75.0;52.0;23.0;0.0;77.0;23.0;2140.0;2040.0;2580.0;2930.0;3690.0;4920.0;1900.0;2840.0;850.0;780.0;1180.0;1430.0;1660.0;3440.0;840.0;890.0;18.8;4050.0;4850.0;4080.0;60.0;83.0;17.0;13500;30.5;24.5;47.7;14.9;27.2;58.7;10.5;14.5;15.3;20.5;24.6;6.6;1010.0;820.0;210.0;2820.0;;;2030.0;118.0;1865;0.0;270.0;335.0;320.0;75.0;370.0;295.0;195.0;4870;3940;930;0.5;3090.0;345;0.4;0.5;0.4;0.5;24.9;177;158;19;         .;;1.0;3877.0;BU0363FK;Osdorp;Nieuw-West;1763918.0;4.8078815;52.3584475
82;Osdorp-Midden;Amsterdam;WK036382  ;1;15380;7585;7795;3030;2120;5055;3375;1800;8665;4755;1390;575;2125;10095;4250;170;1115;2430;2130;205;13;145;9;6970;3185;1275;2515;2.2;14933.0;6495;294.0;5.0;95.0;94.0;6.0;27.0;73.0;59.0;14.0;0.0;40.0;60.0;2280.0;2200.0;3630.0;3120.0;;;2140.0;2640.0;780.0;780.0;850.0;280.0;;;820.0;670.0;18.4;4290.0;4320.0;2880.0;62.0;81.0;19.0;11300;30.8;23.2;47.9;15.6;27.5;53.0;13.3;14.5;14.9;20.1;23.9;5.2;880.0;780.0;180.0;1660.0;;;1545.0;100.0;1525;0.0;285.0;210.0;310.0;40.0;295.0;250.0;140.0;4370;3350;1020;0.6;4235.0;235;0.5;0.4;0.3;0.3;21.3;112;103;8;         .;;1.0;4337.0;BU0363FJ;Osdorp;Nieuw-West;1112697.0;4.7951325;52.3553485
83;De Punt;Amsterdam;WK036383  ;1;6170;3215;2955;1100;885;2035;1330;825;3620;1805;535;215;1105;3365;1090;50;470;940;825;70;12;55;9;2785;1405;495;890;2.1;10283.0;2637;254.0;26.0;74.0;95.0;5.0;32.0;68.0;39.0;29.0;0.0;87.0;13.0;2620.0;2470.0;3020.0;3280.0;;;2370.0;3160.0;680.0;480.0;1200.0;1430.0;;;650.0;750.0;30.2;2210.0;1690.0;880.0;66.0;81.0;19.0;4400;28.2;21.9;47.6;12.1;26.1;53.0;10.2;11.5;13.0;17.2;20.5;14.2;240.0;340.0;60.0;730.0;;;630.0;102.0;880;0.0;170.0;145.0;170.0;30.0;175.0;100.0;90.0;1870;1445;425;0.7;3128.0;115;0.9;0.4;0.3;0.4;15.4;60;60;0;         .;;1.0;3816.0;BU0363FH;Osdorp;Nieuw-West;597367.0;4.784397;52.3576805
84;Middelveldsche Akerpolder;Amsterdam;WK036384  ;1;14290;7025;7260;2435;2030;3480;4425;1920;7265;5555;1015;450;1840;6505;2090;115;1220;1555;1530;155;11;80;6;5930;1960;1345;2630;2.4;9463.0;5393;425.0;66.0;34.0;98.0;2.0;55.0;45.0;28.0;16.0;0.0;83.0;17.0;2970.0;2290.0;3230.0;3300.0;4070.0;5210.0;2450.0;3400.0;1040.0;500.0;1190.0;1430.0;1840.0;2230.0;920.0;1140.0;13.4;3200.0;4410.0;3530.0;68.0;80.0;20.0;11100;39.4;31.1;38.9;24.8;35.8;34.8;29.0;7.3;7.0;9.6;11.7;121.1;300.0;620.0;170.0;1750.0;;;915.0;64.0;1605;0.0;205.0;215.0;265.0;90.0;410.0;270.0;145.0;5505;4460;1045;0.9;3648.0;430;1.0;1.0;0.5;0.7;15.2;164;151;14;         .;;1.0;3207.0;;;;;;
85;Slotervaart-Noord;Amsterdam;WK036385  ;1;8090;4030;4060;1465;1065;2315;1995;1250;4555;2475;695;360;1350;3705;1450;55;445;890;860;100;12;80;10;3760;1650;820;1285;2.1;7286.0;3432;355.0;29.0;71.0;97.0;3.0;32.0;68.0;42.0;26.0;0.0;98.0;2.0;2440.0;2330.0;2690.0;2570.0;;4270.0;2260.0;2830.0;890.0;690.0;1320.0;1520.0;;3050.0;700.0;1310.0;23.6;1960.0;1900.0;1990.0;63.0;78.0;22.0;6000;32.8;25.4;45.9;17.9;29.3;51.9;15.4;13.4;13.9;18.4;21.6;9.8;350.0;310.0;90.0;1160.0;;;795.0;98.0;1015;0.0;150.0;135.0;150.0;25.0;255.0;165.0;130.0;2265;1805;465;0.6;2041.0;175;0.7;0.6;0.4;0.5;31.5;155;111;44;         .;;1.0;4129.0;BU0363FL;Slotervaart;Nieuw-West;1547796.0;4.8233015;52.364866
86;Overtoomse Veld;Amsterdam;WK036386  ;1;14335;7000;7335;2175;2650;6100;2340;1065;9865;3415;790;265;2635;7545;3685;130;615;1330;1775;225;16;50;3;7490;4165;1515;1810;1.9;9887.0;6058;332.0;4.0;96.0;95.0;5.0;20.0;80.0;39.0;41.0;0.0;51.0;49.0;2000.0;1970.0;2850.0;2980.0;;;1930.0;2280.0;490.0;500.0;240.0;270.0;;;540.0;290.0;50.2;3170.0;3740.0;4550.0;66.0;85.0;15.0;10700;35.2;28.1;41.2;21.9;30.2;49.0;16.0;10.7;10.1;13.9;17.1;4.3;680.0;530.0;170.0;930.0;;;710.0;50.0;1735;0.0;125.0;190.0;280.0;55.0;450.0;375.0;265.0;3120;2420;705;0.4;2146.0;280;0.4;0.5;0.3;0.4;37.4;154;145;9;         .;;1.0;5751.0;BU0363FM;Slotervaart;Nieuw-West;1538062.0;4.8421745;52.3655225
87;Westlandgracht;Amsterdam;WK036387  ;1;11395;5945;5455;1250;1875;5850;1635;795;8400;2180;690;125;2845;4585;1130;165;460;635;2185;130;12;45;4;7140;4595;1530;1020;1.6;8084.0;6899;302.0;0.0;100.0;93.0;7.0;16.0;84.0;33.0;51.0;0.0;41.0;59.0;1800.0;1790.0;3860.0;5050.0;;5330.0;1680.0;2450.0;360.0;350.0;1720.0;1500.0;;1320.0;330.0;500.0;51.1;1730.0;2880.0;6060.0;71.0;86.0;14.0;9200;41.6;35.3;37.0;28.3;31.6;55.8;14.7;11.4;10.7;14.6;17.3;2.8;480.0;320.0;150.0;700.0;;;520.0;46.0;1965;0.0;95.0;395.0;250.0;145.0;560.0;255.0;270.0;2410;1860;550;0.3;1706.0;195;0.6;0.5;0.4;0.6;30.3;150;141;8;         .;;1.0;5570.0;BU0363FP;Slotervaart;Nieuw-West;1490382.0;4.841511;52.347788
88;Sloter-/Riekerpolder;Amsterdam;WK036388  ;1;14145;6975;7170;2090;1615;3650;4450;2340;7175;5410;1065;495;2370;4425;1170;145;865;755;1485;155;11;75;5;6325;2160;1800;2365;2.2;3029.0;5742;428.0;66.0;34.0;97.0;3.0;53.0;47.0;20.0;27.0;0.0;97.0;3.0;2760.0;2230.0;2870.0;3150.0;3650.0;4680.0;2410.0;3070.0;1130.0;940.0;1100.0;1420.0;1590.0;2530.0;1040.0;1210.0;;2140.0;4080.0;5350.0;70.0;80.0;20.0;11300;41.3;33.6;34.2;28.0;37.5;31.9;29.1;5.8;5.3;7.8;9.3;135.8;160.0;560.0;190.0;2180.0;;;925.0;65.0;2050;0.0;160.0;240.0;305.0;140.0;615.0;335.0;255.0;5675;4650;1025;0.9;1215.0;480;0.6;0.8;0.5;0.6;19.1;594;467;127;         .;;1.0;2569.0;;;;;;
89;Slotervaart-Zuid;Amsterdam;WK036389  ;1;10730;5205;5530;1795;1895;3590;1990;1460;6640;2780;930;380;1825;5570;2375;105;675;850;1565;135;13;110;10;5650;3190;975;1485;1.9;8585.0;5059;322.0;17.0;83.0;93.0;7.0;19.0;81.0;69.0;12.0;0.0;66.0;34.0;1980.0;1910.0;2280.0;2410.0;;5490.0;1890.0;2410.0;800.0;750.0;930.0;1250.0;;3130.0;770.0;910.0;29.6;2420.0;3090.0;2680.0;61.0;85.0;15.0;8100;30.6;24.1;49.6;15.5;25.9;60.5;10.7;13.8;13.4;19.1;23.2;3.6;650.0;460.0;100.0;1360.0;;;1040.0;97.0;1140;0.0;90.0;185.0;185.0;45.0;250.0;215.0;165.0;2445;1985;465;0.4;1958.0;210;0.4;0.5;0.4;0.5;23.9;131;125;6;         .;;1.0;4318.0;BU0363FN;Slotervaart;Nieuw-West;1300339.0;4.8262395;52.351264
90;Buitenveldert-West;Amsterdam;WK036390  ;1;13565;6390;7175;1770;1410;4455;2835;3100;7450;4030;1215;865;3915;3490;265;135;490;250;2350;140;10;145;11;7710;4320;1745;1650;1.8;4759.0;7563;456.0;14.0;86.0;92.0;8.0;39.0;61.0;26.0;35.0;0.0;93.0;7.0;2420.0;2180.0;3820.0;3870.0;4310.0;5070.0;2090.0;2940.0;1060.0;910.0;1820.0;2200.0;2230.0;3420.0;940.0;1260.0;12.1;1780.0;2970.0;5370.0;67.0;81.0;19.0;10700;51.4;41.8;33.6;32.0;40.5;44.7;21.9;7.7;8.7;11.8;14.5;49.4;260.0;300.0;130.0;2890.0;;;1385.0;102.0;2645;0.0;160.0;410.0;225.0;400.0;730.0;445.0;280.0;4350;3630;720;0.6;1529.0;250;0.4;0.4;0.4;0.6;19.6;355;285;71;         .;;1.0;3638.0;BU0363KQ;Buitenveldert, Zuidas;Zuid;3538998.0;4.8483725;52.330159
91;Buitenveldert-Oost;Amsterdam;WK036391  ;1;7965;3770;4190;965;755;2600;1540;2100;4360;2310;755;545;2040;2445;185;80;305;210;1665;75;9;205;25;4530;2615;1020;890;1.7;5206.0;4553;421.0;7.0;93.0;94.0;6.0;31.0;68.0;24.0;44.0;0.0;97.0;3.0;2170.0;2010.0;3800.0;4080.0;3700.0;5650.0;1890.0;2770.0;880.0;770.0;1950.0;2460.0;2370.0;3400.0;820.0;1010.0;15.0;1090.0;1820.0;2850.0;64.0;82.0;18.0;6100;45.8;37.6;35.5;29.4;36.3;48.5;18.6;9.2;9.7;12.6;15.0;32.7;280.0;230.0;60.0;1980.0;;;1155.0;145.0;1085;0.0;55.0;120.0;105.0;140.0;360.0;190.0;120.0;2470;2120;355;0.5;1613.0;130;0.9;0.3;0.4;0.5;18.0;170;153;17;         .;;1.0;3300.0;BU0363KR;Buitenveldert, Zuidas;Zuid;1694381.0;4.8885105;52.329135
92;Amstel III/Bullewijk;Amsterdam;WK036392  ;1;1625;760;860;20;1060;475;55;20;1560;55;10;5;460;655;50;60;125;50;370;5;5;5;2;1465;1365;85;10;1.1;326.0;396;115.0;2.0;98.0;96.0;4.0;2.0;98.0;0.0;98.0;0.0;11.0;89.0;1810.0;1740.0;;;;5640.0;1760.0;4710.0;780.0;760.0;;;;2030.0;770.0;1970.0;;100.0;960.0;1190.0;68.0;91.0;9.0;1300;;;66.6;6.1;;91.6;1.7;12.9;9.2;13.1;17.8;-0.3;20.0;20.0;20.0;10.0;;;10.0;6.0;2265;0.0;130.0;445.0;275.0;615.0;545.0;130.0;120.0;2290;1535;755;1.6;460.0;55;0.8;0.5;0.6;1.3;6.1;527;498;29;         .;;3.0;1470.0;BU0363TA;Bijlmer-West;Zuidoost;5253746.0;4.950587;52.2987555
93;H-buurt;Amsterdam;WK036393  ;1;24565;12505;12060;3660;4740;8060;6005;2100;17685;3620;2890;370;3210;17295;700;1325;6785;460;8020;210;9;145;6;14085;8830;1810;3445;1.7;8106.0;12770;203.0;7.0;93.0;95.0;5.0;17.0;81.0;54.0;28.0;1.0;74.0;26.0;1970.0;1850.0;3440.0;3110.0;3790.0;;1880.0;2430.0;610.0;620.0;450.0;640.0;2130.0;;630.0;580.0;42.6;6920.0;7710.0;5610.0;61.0;89.0;11.0;19000;26.3;21.4;52.4;9.3;23.4;68.2;6.1;18.7;18.6;24.0;28.0;0.9;1840.0;1010.0;390.0;1910.0;;;2020.0;82.0;2420;0.0;165.0;450.0;340.0;75.0;510.0;480.0;400.0;5205;4345;860;0.4;1719.0;275;0.5;0.7;0.5;0.6;14.5;316;303;13;         .;;1.0;3381.0;BU0363TD;Bijlmer-Centrum;Zuidoost;810703.0;4.95644;52.3082975
94;K-buurt;Amsterdam;WK036394  ;1;29840;15040;14800;5020;4345;8720;7875;3880;19450;5835;3890;665;3265;20380;705;1525;8910;400;8840;355;12;200;7;15595;8365;2385;4840;1.9;8066.0;13145;265.0;31.0;69.0;96.0;4.0;31.0;69.0;53.0;16.0;0.0;70.0;30.0;2430.0;2100.0;3100.0;3320.0;3620.0;4600.0;2250.0;2830.0;490.0;370.0;730.0;850.0;690.0;950.0;400.0;670.0;61.1;8200.0;9340.0;5920.0;63.0;86.0;14.0;23400;28.9;23.2;48.6;12.7;26.0;59.1;10.0;15.5;17.7;22.3;25.9;2.2;1830.0;1190.0;450.0;3570.0;;;2825.0;95.0;3120;0.0;305.0;410.0;445.0;90.0;700.0;740.0;430.0;7755;6365;1390;0.5;2094.0;400;0.5;0.7;0.4;0.8;14.6;408;370;37;         .;;1.0;3418.0;BU0363TH;Bijlmer-Oost;Zuidoost;955199.0;4.9763485;52.313482
95;Nellestein;Amsterdam;WK036395  ;1;3065;1605;1460;385;265;980;780;655;1845;715;375;130;650;1090;25;70;385;35;580;35;11;30;10;1840;1045;430;365;1.7;1400.0;1675;249.0;2.0;98.0;96.0;4.0;42.0;58.0;19.0;39.0;0.0;100.0;0.0;2100.0;2080.0;;;2690.0;3460.0;2020.0;2200.0;1270.0;1260.0;;;1800.0;2360.0;1330.0;1200.0;;380.0;820.0;1190.0;68.0;84.0;16.0;2600;35.6;30.1;33.2;20.5;;49.1;8.8;7.7;8.9;11.5;13.5;31.4;40.0;90.0;50.0;560.0;;;220.0;72.0;410;0.0;50.0;45.0;55.0;15.0;100.0;85.0;55.0;1065;910;155;0.6;486.0;70;0.9;1.6;0.7;0.7;14.7;295;219;76;         .;;2.0;2052.0;BU0363TK;Gaasperdam;Zuidoost;2732719.0;4.9928435;52.30958
96;Holendrecht;Amsterdam;WK036396  ;1;18120;8695;9420;3070;2275;4765;4795;3210;11235;3965;2320;600;1780;11465;460;875;5660;165;4305;195;11;155;8;9090;4500;1520;3065;2.0;6968.0;8334;254.0;27.0;73.0;97.0;3.0;26.0;74.0;65.0;8.0;0.0;100.0;0.0;2250.0;2060.0;2720.0;2920.0;;;2150.0;2520.0;1190.0;1140.0;1240.0;1520.0;;;1190.0;1180.0;;4480.0;6160.0;3150.0;60.0;88.0;12.0;14300;27.4;22.1;48.8;10.2;26.0;56.8;8.3;14.3;16.8;22.2;25.8;3.2;1110.0;930.0;260.0;2950.0;;;2275.0;126.0;1510;0.0;155.0;225.0;205.0;25.0;325.0;395.0;180.0;4930;4210;720;0.5;1900.0;250;0.8;0.8;0.6;0.8;10.6;271;260;12;         .;;1.0;2542.0;BU0363TJ;Gaasperdam;Zuidoost;1380178.0;4.967061;52.30116
97;Gein;Amsterdam;WK036397  ;1;11235;5580;5650;1740;1330;3020;3310;1840;6515;3105;1315;295;1345;5895;205;390;2730;85;2480;115;10;90;8;5555;2530;1125;1895;2.0;6139.0;5141;260.0;41.0;59.0;95.0;5.0;40.0;59.0;43.0;16.0;0.0;100.0;0.0;2400.0;2040.0;2900.0;2910.0;;;2160.0;2750.0;1100.0;1040.0;1130.0;1330.0;;;1110.0;1080.0;;2770.0;3680.0;2560.0;63.0;87.0;13.0;9000;31.0;25.4;42.8;14.2;28.7;48.4;12.4;11.8;12.3;16.4;19.7;11.0;500.0;560.0;180.0;1710.0;;;955.0;85.0;1005;0.0;120.0;145.0;140.0;15.0;195.0;250.0;140.0;3645;3125;520;0.7;1988.0;205;0.8;1.0;0.8;0.7;8.3;192;183;9;         .;;2.0;2081.0;BU0363TM;Gaasperdam;Zuidoost;1914226.0;4.9939255;52.295524
98;Driemond;Amsterdam;WK036398  ;1;1630;780;845;305;180;365;490;285;810;635;115;65;165;195;20;25;85;15;50;20;12;15;9;685;200;190;295;2.4;930.0;678;373.0;82.0;18.0;97.0;3.0;58.0;42.0;38.0;4.0;0.0;91.0;9.0;2930.0;2170.0;2810.0;3230.0;3200.0;4220.0;2360.0;3330.0;1330.0;940.0;1240.0;1490.0;1880.0;1940.0;1160.0;1460.0;;270.0;560.0;380.0;73.0;82.0;18.0;1300;;;36.3;23.1;;32.6;25.3;4.4;4.7;6.3;8.7;139.8;20.0;50.0;20.0;250.0;;;85.0;52.0;205;5.0;35.0;30.0;20.0;15.0;45.0;40.0;20.0;780;670;110;1.1;445.0;75;2.5;2.9;0.3;0.3;5.2;202;175;27;         .;;5.0;450.0;BU0363SA;Weesp, Driemond;Weesp;2220467.0;5.008832;52.3134855
